1,Russam, Stafani,srussam0@sbwire.com,203.212.48.45
2,Drysdale, Charmian,cdrysdale1@craigslist.org,178.188.106.237
3,Hoodlass, Octavius,ohoodlass2@dion.ne.jp,95.43.115.192
4,Abazi, Erin,eabazi3@weebly.com,91.69.242.237
5,Jakolevitch, Kendal,kjakolevitch4@t-online.de,59.5.177.161
7,Goozee, Krisha,kgoozee6@npr.org,80.20.108.200
8,MacGrath, Rici,rmacgrath7@cdbaby.com,162.221.241.127
9,Banford, Chantal,cbanford8@networkadvertising.org,216.7.180.189
10,Marrable, Vyky,vmarrable9@biglobe.ne.jp,1.48.243.98
11,Whithorn, Bevin,bwhithorna@hostgator.com,81.165.88.15
12,Merfin, Meg,mmerfinb@loc.gov,221.234.139.239
13,Dugald, Fan,fdugaldc@de.vu,58.23.79.48
15,Saylor, Sherm,ssaylore@ning.com,13.238.19.34
17,Label, Jerry,jlabelg@admin.ch,119.146.232.248
18,Le Franc, Florida,flefranch@wired.com,36.10.20.63
19,McMinn, Gideon,gmcminni@com.com,158.213.107.45
20,Ducket, Melony,mducketj@storify.com,237.217.145.133
21,Stote, Elenore,estotek@state.tx.us,65.108.200.202
22,Sifflett, Karalee,ksifflettl@amazon.co.uk,139.87.251.155
23,Garrold, Buckie,bgarroldm@harvard.edu,119.5.176.187
24,Jentin, Layla,ljentinn@amazonaws.com,34.171.121.181
25,Tite, Olivie,otiteo@fema.gov,116.32.83.212
27,Nottingham, Dewain,dnottinghamq@51.la,128.185.106.35
29,Hurley, Jillian,jhurleys@statcounter.com,219.195.151.163
31,Peer, Marshal,mpeeru@usda.gov,239.251.218.62
33,Habbershon, Donica,dhabbershonw@pcworld.com,46.93.58.227
35,Dullingham, Theodor,tdullinghamy@state.tx.us,223.142.48.238
36,Inmett, Gilberte,ginmettz@ow.ly,6.170.136.119
37,Edmand, Henrik,hedmand10@hugedomains.com,8.111.116.75
38,Faherty, Wenda,wfaherty11@wufoo.com,95.43.149.37
39,Goodliff, Erwin,egoodliff12@freewebs.com,5.8.243.85
40,Preedy, Blisse,bpreedy13@loc.gov,98.218.124.67
41,Doding, Gerick,gdoding14@over-blog.com,202.205.50.232
42,Dhillon, Tildie,tdhillon15@seesaa.net,91.239.188.178
43,Huxham, Darb,dhuxham16@biglobe.ne.jp,63.116.28.21
45,Bigglestone, Mathian,mbigglestone18@whitehouse.gov,64.16.248.14
46,Pietrusiak, Natty,npietrusiak19@redcross.org,124.252.88.240
47,Van den Hof, Robb,rvandenhof1a@cnbc.com,9.191.107.12
48,Regglar, Tracey,tregglar1b@yelp.com,79.255.2.86
49,Woodyer, Sampson,swoodyer1c@dot.gov,172.235.155.143
51,Brundall, Coral,cbrundall1e@pbs.org,71.116.156.137
53,Jeves, Fulton,fjeves1g@rambler.ru,60.6.203.69
54,Chotty, Tera,tchotty1h@unblog.fr,47.170.245.127
55,Digges, Corenda,cdigges1i@pagesperso-orange.fr,139.160.167.252
56,Nenci, Wilhelmina,wnenci1j@nymag.com,189.89.11.172
57,McCanny, Thomas,tmccanny1k@yolasite.com,191.43.164.40
59,Bosche, Jyoti,jbosche1m@bbb.org,102.63.137.205
61,Trathan, Natividad,ntrathan1o@vinaora.com,204.114.26.243
62,Spenley, Cilka,cspenley1p@com.com,13.202.208.190
63,Primak, Ilise,iprimak1q@ucla.edu,230.32.173.133
64,Bengtson, Allyson,abengtson1r@xinhuanet.com,69.110.30.118
65,Pitherick, Vaughn,vpitherick1s@blogtalkradio.com,254.86.135.41
66,Dincey, Derril,ddincey1t@reuters.com,84.181.206.126
67,Colt, Antonella,acolt1u@slashdot.org,125.5.244.83
68,Dargie, Alia,adargie1v@spiegel.de,196.58.239.181
69,Lorenzini, Rolph,rlorenzini1w@cnbc.com,86.218.193.248
70,Wethey, Ginelle,gwethey1x@cbsnews.com,125.133.243.254
71,Esslement, Conan,cesslement1y@biblegateway.com,80.214.192.185
72,Burder, Johnette,jburder1z@mozilla.org,126.107.100.159
73,Carillo, Reggie,rcarillo20@blinklist.com,157.209.149.253
75,Laidler, Wynn,wlaidler22@hubpages.com,108.158.52.134
76,Brasener, Anabella,abrasener23@sun.com,62.30.245.69
77,Clarson, Fionna,fclarson24@blog.com,188.154.15.186
78,Sheahan, Jessi,jsheahan25@usnews.com,152.215.212.244
79,Meffan, Ivonne,imeffan26@histats.com,33.252.8.171
80,Taynton, Melany,mtaynton27@com.com,112.34.92.200
81,Canceller, Gerrard,gcanceller28@xing.com,221.114.3.49
83,Lynagh, Krissie,klynagh2a@google.cn,45.42.161.16
85,Bartens, Cathyleen,cbartens2c@ibm.com,124.240.10.252
86,Nizard, Rubia,rnizard2d@wunderground.com,43.93.125.91
87,Kernes, Isador,ikernes2e@jigsy.com,133.149.229.138
89,Kubalek, Bernadette,bkubalek2g@sfgate.com,147.251.140.34
90,Rubra, Bellanca,brubra2h@clickbank.net,13.112.135.46
91,Fox, Moyra,mfox2i@twitpic.com,228.243.246.11
93,Essex, Feodor,fessex2k@domainmarket.com,243.175.13.221
95,Valde, Laina,lvalde2m@livejournal.com,129.99.191.243
96,de Clerq, Annemarie,adeclerq2n@mit.edu,137.84.238.72
97,Dew, Sawyere,sdew2o@seattletimes.com,110.32.70.198
98,Kobisch, Ilise,ikobisch2p@creativecommons.org,82.243.232.254
99,Zoppo, Christabella,czoppo2q@usgs.gov,41.158.43.250
100,Jordan, Agnesse,ajordan2r@aboutads.info,86.135.126.172
101,Antosch, Ninette,nantosch2s@mac.com,27.100.175.110
102,Cinderey, Beryl,bcinderey2t@cbslocal.com,82.187.75.124
103,D'Ambrosio, Nappy,ndambrosio2u@biblegateway.com,186.36.232.113
104,Splaven, Avis,asplaven2v@wufoo.com,108.209.189.246
105,Tidbold, Dyna,dtidbold2w@census.gov,199.254.222.94
106,Turbat, Pam,pturbat2x@sogou.com,108.10.157.194
107,Trobe, Forester,ftrobe2y@rakuten.co.jp,30.114.42.245
109,Fleeman, Nissie,nfleeman30@tumblr.com,250.86.91.174
111,Gard, Deeann,dgard32@xinhuanet.com,182.59.168.162
112,Loader, Bettina,bloader33@spiegel.de,93.136.38.98
113,Jubb, Ernesto,ejubb34@cbslocal.com,32.186.83.29
114,Trobey, Giovanna,gtrobey35@ning.com,130.137.38.139
115,Joiris, Saloma,sjoiris36@usatoday.com,49.213.244.217
117,Jacques, Anestassia,ajacques38@un.org,51.254.93.201
118,Ballay, Petronilla,pballay39@cbc.ca,176.44.94.222
119,Sharpling, Marco,msharpling3a@pinterest.com,22.93.80.22
120,Leupold, Daile,dleupold3b@dropbox.com,210.250.191.230
121,Summerton, Chane,csummerton3c@barnesandnoble.com,90.145.58.153
123,Knudsen, Carlo,cknudsen3e@goo.gl,75.198.106.171
125,Hurndall, Vita,vhurndall3g@admin.ch,200.213.183.97
126,Dilnot, Ilene,idilnot3h@webeden.co.uk,193.138.18.139
127,Edgars, Veriee,vedgars3i@jugem.jp,7.175.102.255
129,Fearnehough, Janeen,jfearnehough3k@wikispaces.com,20.81.181.167
130,Sotheron, Brant,bsotheron3l@moonfruit.com,224.152.207.70
131,Saket, Kip,ksaket3m@theguardian.com,14.120.39.10
132,Telford, Leontine,ltelford3n@amazon.com,107.111.174.70
133,Larkins, Cullan,clarkins3o@linkedin.com,125.253.35.120
135,Whewell, Sal,swhewell3q@infoseek.co.jp,52.98.98.203
136,Le Brom, Ronna,rlebrom3r@si.edu,172.125.120.148
137,Traske, Sada,straske3s@tmall.com,5.144.66.243
138,Stockings, Mureil,mstockings3t@mozilla.org,37.84.184.141
139,Ahlin, Katine,kahlin3u@youtu.be,33.149.239.40
140,Larner, Arabela,alarner3v@umich.edu,169.228.158.55
141,Norris, Lilas,lnorris3w@reuters.com,80.135.108.25
143,Francescotti, Bar,bfrancescotti3y@newyorker.com,209.170.57.73
145,Faier, Caprice,cfaier40@wunderground.com,248.118.224.149
146,Lamasna, Uta,ulamasna41@dagondesign.com,27.169.136.236
147,Geard, Jone,jgeard42@twitpic.com,116.48.74.233
148,Bretland, Fredrika,fbretland43@qq.com,125.119.17.25
149,Swainston, Vivian,vswainston44@oaic.gov.au,115.154.92.88
150,Wicken, Cassey,cwicken45@bizjournals.com,136.21.238.149
151,Haselwood, Benoit,bhaselwood46@sfgate.com,81.95.230.218
152,Barltrop, Marla,mbarltrop47@fastcompany.com,137.148.137.118
153,Keays, Vita,vkeays48@hud.gov,111.148.192.244
155,Cardillo, Nariko,ncardillo4a@abc.net.au,142.24.249.250
156,Townley, Kalindi,ktownley4b@discovery.com,247.117.128.78
157,Vanns, Zara,zvanns4c@histats.com,107.142.116.124
159,Pothergill, Tabitha,tpothergill4e@histats.com,190.61.217.110
161,Wealleans, Donny,dwealleans4g@is.gd,221.169.172.66
163,Gronow, Nolan,ngronow4i@mysql.com,200.6.17.93
164,Glyde, Aubrey,aglyde4j@imgur.com,177.221.223.99
165,Methuen, Ettore,emethuen4k@msn.com,162.251.102.21
166,Thain, Virgie,vthain4l@webmd.com,53.248.11.158
167,Maas, Phyllys,pmaas4m@parallels.com,55.100.99.129
168,Pogosian, Dayle,dpogosian4n@time.com,45.165.151.74
169,Bielfelt, Phillida,pbielfelt4o@yellowbook.com,50.127.158.177
171,Skoggins, Whit,wskoggins4q@cnet.com,204.225.228.177
172,Switzer, Brietta,bswitzer4r@craigslist.org,69.157.233.52
173,Birdwhistle, Orion,obirdwhistle4s@cornell.edu,146.252.126.121
174,Brenton, Trenna,tbrenton4t@disqus.com,250.96.147.67
175,Passe, Stillman,spasse4u@bandcamp.com,61.166.166.226
176,Drinkale, Lacee,ldrinkale4v@flavors.me,26.162.214.176
177,Laidlaw, Barth,blaidlaw4w@theguardian.com,238.252.16.35
178,Derill, Arlyn,aderill4x@pagesperso-orange.fr,224.156.202.181
179,Dundendale, Jill,jdundendale4y@wunderground.com,136.116.4.214
180,Carpmile, Janela,jcarpmile4z@hp.com,21.12.200.86
181,Harbin, Nerta,nharbin50@guardian.co.uk,85.231.93.240
183,Barnsdale, Bren,bbarnsdale52@epa.gov,102.104.43.154
184,Cormack, Ingeberg,icormack53@berkeley.edu,15.90.192.208
185,Bossom, Sybila,sbossom54@goodreads.com,173.240.58.165
187,D'Alessio, Kari,kdalessio56@slideshare.net,14.118.98.226
188,Rapp, Sarah,srapp57@gmpg.org,151.219.244.144
189,Roobottom, Sharona,sroobottom58@eepurl.com,39.72.197.233
191,Rentz, Esmeralda,erentz5a@skyrock.com,143.233.142.11
193,Botterill, Frederick,fbotterill5c@hatena.ne.jp,90.222.75.132
194,Taillant, Corine,ctaillant5d@spiegel.de,182.99.42.223
195,Latan, Virgilio,vlatan5e@berkeley.edu,85.22.198.9
197,Teasell, Thorin,tteasell5g@cbc.ca,106.200.57.55
199,Ortiger, Ronda,rortiger5i@indiegogo.com,72.78.79.141
200,Cade, Goldi,gcade5j@cocolog-nifty.com,245.232.67.50
201,O'Keenan, Wilek,wokeenan5k@go.com,124.237.73.112
202,Shwalbe, Glad,gshwalbe5l@rambler.ru,205.104.146.183
203,Shafier, Steward,sshafier5m@sogou.com,4.70.170.81
205,Cheel, Peterus,pcheel5o@home.pl,232.185.126.221
207,Heigold, Tresa,theigold5q@cpanel.net,143.137.14.50
209,Ambroz, Fanchette,fambroz5s@illinois.edu,65.223.249.8
210,Ryman, Rosa,rryman5t@baidu.com,14.243.56.46
211,Gerrietz, Nichols,ngerrietz5u@chron.com,4.50.42.52
212,Sudran, Kaile,ksudran5v@indiatimes.com,243.7.243.221
213,Mowlam, Abbie,amowlam5w@com.com,217.176.245.159
214,Candish, Constantina,ccandish5x@networkadvertising.org,37.188.171.153
215,Coule, Montague,mcoule5y@mayoclinic.com,232.230.35.112
216,Remmers, Clemmie,cremmers5z@jalbum.net,91.226.121.215
217,Skerritt, Latrina,lskerritt60@blinklist.com,77.144.224.140
218,Cleworth, Kira,kcleworth61@hugedomains.com,141.10.175.180
219,Janecki, Jewel,jjanecki62@hatena.ne.jp,46.26.252.79
220,Iltchev, Henrieta,hiltchev63@123-reg.co.uk,38.201.34.141
221,Saggs, Raine,rsaggs64@joomla.org,138.171.62.83
222,Groombridge, Alexandra,agroombridge65@jiathis.com,241.247.209.144
223,Balnave, Dael,dbalnave66@slashdot.org,247.106.223.168
225,Minithorpe, Jayne,jminithorpe68@unc.edu,226.255.117.250
226,Gravet, Henrieta,hgravet69@geocities.jp,251.160.164.202
227,Erricker, Edy,eerricker6a@oakley.com,166.183.12.159
229,Croysdale, Town,tcroysdale6c@ca.gov,215.255.12.37
231,Brimham, Breena,bbrimham6e@cmu.edu,167.201.37.8
232,Beever, Hailee,hbeever6f@live.com,107.28.161.251
233,Babidge, Rorie,rbabidge6g@oaic.gov.au,253.151.219.47
235,Hazell, Hymie,hhazell6i@miitbeian.gov.cn,80.115.105.56
237,Itzhak, Alejoa,aitzhak6k@vk.com,73.28.207.211
238,Nottingham, Blanca,bnottingham6l@mayoclinic.com,33.138.40.248
239,Menis, Seth,smenis6m@umn.edu,41.151.65.11
241,Legate, Doy,dlegate6o@pinterest.com,211.168.51.174
242,Brunnen, Farica,fbrunnen6p@fda.gov,203.105.61.207
243,Dufaire, Reagen,rdufaire6q@seesaa.net,13.50.8.237
245,Furse, Dennie,dfurse6s@jugem.jp,169.167.194.118
247,Rubinfajn, Candi,crubinfajn6u@mashable.com,32.88.148.148
248,Cargill, Sauveur,scargill6v@patch.com,221.17.246.35
249,Minichi, Maddi,mminichi6w@epa.gov,58.109.24.180
251,Korting, Artemis,akorting6y@cornell.edu,61.171.100.211
253,Bradder, Timothee,tbradder70@umich.edu,187.217.105.155
255,O'Hogertie, Karola,kohogertie72@google.ru,39.64.68.83
257,Brou, Miles,mbrou74@washington.edu,71.110.115.206
258,Autie, Leontine,lautie75@yandex.ru,216.245.85.245
259,Eccleston, Sheryl,seccleston76@irs.gov,102.70.3.214
260,Tucker, Jeannie,jtucker77@newyorker.com,92.38.253.208
261,Primak, Wye,wprimak78@linkedin.com,244.36.39.50
262,Butson, Nyssa,nbutson79@pagesperso-orange.fr,39.128.46.241
263,Ferrino, Jesse,jferrino7a@discuz.net,50.135.249.39
265,Chaff, Karney,kchaff7c@phoca.cz,50.215.0.56
266,Husband, Philippe,phusband7d@paypal.com,154.3.25.200
267,Alejo, Zorah,zalejo7e@ebay.co.uk,7.76.30.208
268,Zielinski, Kakalina,kzielinski7f@businessinsider.com,123.230.93.192
269,Beisley, Thaddeus,tbeisley7g@mediafire.com,75.216.67.219
270,Grimshaw, Evvie,egrimshaw7h@ed.gov,135.159.103.149
271,Pickles, Nichol,npickles7i@ning.com,165.16.79.30
273,Tillerton, Pauly,ptillerton7k@hp.com,26.70.22.146
275,Signoret, Vinni,vsignoret7m@wordpress.org,173.241.119.19
276,Huckster, Magdaia,mhuckster7n@live.com,30.29.37.35
277,Bonnaire, Norbie,nbonnaire7o@arizona.edu,252.81.248.41
278,Viner, Chandra,cviner7p@nymag.com,254.211.238.184
279,Pfeffle, Kania,kpfeffle7q@comsenz.com,48.246.165.176
281,Laux, Denys,dlaux7s@usnews.com,240.176.66.205
283,Greenwell, Constantine,cgreenwell7u@netvibes.com,10.207.157.50
285,Gonthard, Joye,jgonthard7w@wired.com,214.81.138.100
287,Hadwen, Hobie,hhadwen7y@addtoany.com,88.183.186.201
288,Nazer, Nonna,nnazer7z@huffingtonpost.com,145.137.98.47
289,Honig, Garrard,ghonig80@hatena.ne.jp,73.78.83.36
290,Schottli, Page,pschottli81@scientificamerican.com,155.222.166.239
291,Rosendahl, Robers,rrosendahl82@webeden.co.uk,3.76.10.3
292,Colquhoun, Rozamond,rcolquhoun83@mapy.cz,42.97.32.207
293,Rudram, Zita,zrudram84@blogtalkradio.com,184.49.83.183
294,Fulk, Marcelia,mfulk85@sohu.com,39.87.242.120
295,McCree, Arel,amccree86@yale.edu,202.19.216.107
297,Boyen, Evangelia,eboyen88@archive.org,188.164.171.60
298,Eakeley, Anastasie,aeakeley89@springer.com,28.148.155.162
299,Torrese, Wendie,wtorrese8a@si.edu,10.117.239.49
301,Cumberbatch, Torrance,tcumberbatch8c@exblog.jp,211.99.26.227
302,Oliveira, Gwyneth,goliveira8d@joomla.org,39.69.238.162
303,Aulton, Karyn,kaulton8e@ameblo.jp,171.45.188.96
304,Winckles, Ariela,awinckles8f@wiley.com,92.173.44.166
305,Dechelle, Grantley,gdechelle8g@pinterest.com,150.146.126.66
307,Pellissier, Arliene,apellissier8i@list-manage.com,136.116.168.14
308,Bubear, Olive,obubear8j@tuttocitta.it,89.129.232.138
309,Carbry, Boyd,bcarbry8k@flickr.com,42.72.43.77
311,Freeberne, Gail,gfreeberne8m@cnn.com,70.82.93.50
312,Jakoviljevic, Trude,tjakoviljevic8n@omniture.com,141.243.11.144
313,Kernley, Mildred,mkernley8o@yandex.ru,17.47.93.38
315,Rewcassell, Stevena,srewcassell8q@latimes.com,7.246.94.67
316,Oneile, Baryram,boneile8r@twitter.com,132.184.81.200
317,Springthorpe, Rois,rspringthorpe8s@cbc.ca,226.188.93.104
319,Crocumbe, Lenka,lcrocumbe8u@nih.gov,240.72.215.227
320,Pickervance, Hermia,hpickervance8v@nih.gov,246.220.6.166
321,Clashe, Brannon,bclashe8w@marriott.com,235.214.59.92
322,Normanvill, Janela,jnormanvill8x@slashdot.org,16.87.146.212
323,Attawell, Gothart,gattawell8y@simplemachines.org,170.40.117.236
325,Dottridge, Timotheus,tdottridge90@addtoany.com,27.44.230.39
326,Suarez, Tim,tsuarez91@t.co,7.200.208.60
327,McDonald, Mackenzie,mmcdonald92@plala.or.jp,51.39.61.178
328,Imason, Brunhilda,bimason93@mlb.com,246.40.23.42
329,Mundall, Verne,vmundall94@netlog.com,207.68.190.28
331,Erwin, Olin,oerwin96@wiley.com,54.82.211.162
333,Capey, Bank,bcapey98@redcross.org,116.235.0.8
335,Dabs, Jo ann,jdabs9a@theatlantic.com,191.173.210.216
336,Cocklin, Karna,kcocklin9b@merriam-webster.com,224.81.184.230
337,Menier, George,gmenier9c@cbslocal.com,31.251.191.229
339,Philippeaux, Aveline,aphilippeaux9e@cmu.edu,45.197.45.48
340,Barlthrop, Sabine,sbarlthrop9f@ustream.tv,104.211.114.159
341,Alvarado, Damaris,dalvarado9g@techcrunch.com,146.6.24.30
343,Ruegg, Giulia,gruegg9i@nationalgeographic.com,186.247.127.37
345,Yearsley, Langsdon,lyearsley9k@blinklist.com,148.233.178.204
347,Longmuir, Haley,hlongmuir9m@fastcompany.com,3.144.134.58
349,Piwall, Cristi,cpiwall9o@japanpost.jp,17.129.71.171
351,Calender, Raychel,rcalender9q@smh.com.au,227.240.83.51
353,Sheekey, Dicky,dsheekey9s@zimbio.com,11.82.63.8
354,Jendas, Wilie,wjendas9t@joomla.org,161.112.97.129
355,Drayton, Sebastien,sdrayton9u@tinyurl.com,218.248.241.255
356,Skevington, Marjy,mskevington9v@columbia.edu,248.232.79.241
357,Gossage, Frederica,fgossage9w@meetup.com,198.39.117.134
358,Binning, Brier,bbinning9x@forbes.com,24.189.215.156
359,Reddy, Kincaid,kreddy9y@eventbrite.com,159.27.190.116
361,Lowerson, Christina,clowersona0@abc.net.au,133.233.103.166
362,Clothier, Sydney,sclothiera1@google.cn,82.87.10.120
363,Tosh, Eadith,etosha2@shinystat.com,138.59.198.31
364,Albone, Renaldo,ralbonea3@rediff.com,73.134.49.130
365,Dethloff, L;urette,ldethloffa4@cafepress.com,215.131.228.22
366,Diehn, Blinnie,bdiehna5@constantcontact.com,153.65.160.116
367,Ousbie, Nadeen,nousbiea6@bloglovin.com,11.2.83.141
368,Samett, Eileen,esametta7@a8.net,244.186.241.249
369,Whetson, Randy,rwhetsona8@geocities.com,155.0.243.251
371,Sworder, Kendra,ksworderaa@free.fr,139.30.172.191
373,Fearne, Lorianne,lfearneac@nydailynews.com,11.23.248.8
374,Kebell, Ree,rkebellad@feedburner.com,160.34.244.131
375,Pionter, Derrek,dpionterae@reddit.com,30.218.115.180
376,O'Rafferty, Whitney,woraffertyaf@washington.edu,44.86.134.123
377,Crossingham, Aurel,acrossinghamag@who.int,6.11.52.83
378,Gregori, Paola,pgregoriah@google.co.uk,181.67.218.52
379,Whilder, Walt,wwhilderai@apple.com,75.165.179.100
380,Ossulton, Augustine,aossultonaj@theatlantic.com,105.10.215.229
381,Fancourt, Trefor,tfancourtak@ow.ly,252.142.224.222
383,Iacobacci, Manny,miacobacciam@alibaba.com,64.35.91.114
385,Duesberry, Kalvin,kduesberryao@army.mil,203.197.36.144
387,Kalisz, Asa,akaliszaq@dropbox.com,57.22.189.126
388,Lucock, Pam,plucockar@samsung.com,193.209.137.207
389,Dillestone, Dominik,ddillestoneas@trellian.com,165.247.178.199
390,Breslane, Raynell,rbreslaneat@desdev.cn,66.109.40.4
391,Haythorn, Zena,zhaythornau@pcworld.com,93.213.109.121
393,Goutcher, Fonsie,fgoutcheraw@bandcamp.com,246.183.137.235
395,Gilfillan, Raff,rgilfillanay@nydailynews.com,22.162.197.153
397,Georgelin, Dorris,dgeorgelinb0@freewebs.com,83.5.118.46
399,Timbrell, Arri,atimbrellb2@privacy.gov.au,118.83.90.149
401,De Bischof, Jenelle,jdebischofb4@jiathis.com,36.219.150.101
403,Mougin, Gennifer,gmouginb6@goo.gl,76.48.221.103
405,Westrey, Kevyn,kwestreyb8@ibm.com,209.186.160.39
406,Gallegos, Rosina,rgallegosb9@soundcloud.com,92.43.223.164
407,Chieze, Merill,mchiezeba@nytimes.com,97.115.203.8
408,Andrejevic, Donielle,dandrejevicbb@merriam-webster.com,150.210.120.105
409,Doby, Tamara,tdobybc@spotify.com,103.112.147.237
411,Sudlow, Wynn,wsudlowbe@imdb.com,68.14.89.151
413,MacNeish, Corey,cmacneishbg@hao123.com,118.55.40.157
415,Rannie, Ashly,aranniebi@hao123.com,204.233.179.174
417,MacNair, Nathaniel,nmacnairbk@ifeng.com,144.215.123.73
418,Johansson, Alexa,ajohanssonbl@seesaa.net,234.95.211.16
419,Itscowics, Shawn,sitscowicsbm@yellowpages.com,136.42.228.105
421,Biner, Julee,jbinerbo@pcworld.com,131.186.141.12
423,Lots, Nelson,nlotsbq@posterous.com,154.90.43.171
424,MacAne, Cassi,cmacanebr@reverbnation.com,146.95.146.14
425,Haggas, Oralla,ohaggasbs@exblog.jp,253.32.216.137
427,Orum, Garv,gorumbu@amazon.com,72.206.61.160
428,Bartoszinski, Maxine,mbartoszinskibv@weebly.com,42.37.150.250
429,Lawty, Abagail,alawtybw@ox.ac.uk,31.137.195.22
430,Goodson, Teresina,tgoodsonbx@e-recht24.de,147.25.196.159
431,Borghese, Evelina,eborgheseby@amazon.de,84.171.147.163
432,Paule, Benny,bpaulebz@ftc.gov,85.153.54.227
433,Scherme, Tom,tschermec0@cisco.com,154.119.132.4
434,Hutcheon, Alene,ahutcheonc1@odnoklassniki.ru,121.142.126.27
435,Durbann, Maddie,mdurbannc2@dion.ne.jp,21.29.186.215
437,Edeler, Eachelle,eedelerc4@google.com.au,14.68.92.14
439,Paunton, Ines,ipauntonc6@prlog.org,59.120.16.112
440,Henmarsh, Selia,shenmarshc7@topsy.com,247.229.92.82
441,Slavin, Bernete,bslavinc8@tamu.edu,67.253.31.63
442,Orto, Virginia,vortoc9@google.fr,180.33.187.247
443,Kerton, Tandy,tkertonca@histats.com,107.128.202.53
445,Bourrel, Doy,dbourrelcc@bandcamp.com,128.17.226.12
446,Georgeson, Nerissa,ngeorgesoncd@i2i.jp,219.116.21.119
447,Boshere, Lockwood,lbosherece@businessinsider.com,154.253.28.120
448,Loughney, Jemimah,jloughneycf@goo.ne.jp,243.251.248.245
449,Edbrooke, Vernon,vedbrookecg@phoca.cz,221.106.128.205
450,Lelande, Emilie,elelandech@nsw.gov.au,73.58.124.228
451,Starrs, Toiboid,tstarrsci@soup.io,170.180.85.23
453,Allebone, Editha,ealleboneck@chronoengine.com,37.1.81.168
455,Smethurst, Leopold,lsmethurstcm@cbsnews.com,73.119.88.19
457,Fruen, Corissa,cfruenco@huffingtonpost.com,55.118.160.143
458,Cashley, Jenna,jcashleycp@csmonitor.com,22.241.162.205
459,Bilovus, Zebulen,zbilovuscq@yandex.ru,100.53.40.237
461,Swiffen, Redd,rswiffencs@smugmug.com,176.52.46.107
463,Gagg, Tildy,tgaggcu@wired.com,245.154.195.18
465,McRory, Xena,xmcrorycw@amazon.com,230.25.198.252
467,Dods, Lovell,ldodscy@dagondesign.com,176.12.69.193
468,Gumbley, Annabell,agumbleycz@com.com,149.28.86.119
469,Januszkiewicz, Grace,gjanuszkiewiczd0@zdnet.com,154.134.240.173
470,Muldrew, Ethelbert,emuldrewd1@friendfeed.com,86.56.214.180
471,Cobbin, Jeno,jcobbind2@prnewswire.com,174.31.88.151
472,Noirel, Felicia,fnoireld3@sitemeter.com,207.105.216.186
473,O'Dea, Pandora,podead4@gmpg.org,244.14.139.160
474,Spuffard, Winnie,wspuffardd5@paginegialle.it,178.193.214.98
475,Gration, Hurley,hgrationd6@4shared.com,251.63.231.121
476,Giblett, Rici,rgiblettd7@friendfeed.com,76.41.142.52
477,Fearne, Virgie,vfearned8@adobe.com,30.48.131.58
478,Cardiff, Eduard,ecardiffd9@github.io,78.172.79.226
479,Lascell, Tades,tlascellda@youku.com,115.7.122.108
480,Matteau, Kelcie,kmatteaudb@cnbc.com,177.85.25.107
481,Brimmell, Henderson,hbrimmelldc@wsj.com,187.95.180.242
482,Pescud, Daffie,dpescuddd@mayoclinic.com,106.88.104.221
483,Rupert, Marcos,mrupertde@163.com,19.227.192.197
484,Brushneen, Zorina,zbrushneendf@instagram.com,136.26.229.72
485,Chesney, Quincey,qchesneydg@yolasite.com,61.37.251.159
486,Wratten, Phil,pwrattendh@icq.com,71.193.221.164
487,Weblin, Jens,jweblindi@mac.com,70.122.153.164
488,Rapo, Emmalynn,erapodj@odnoklassniki.ru,31.182.65.165
489,Huccaby, Niels,nhuccabydk@hc360.com,219.47.20.129
491,Filipowicz, Allan,afilipowiczdm@kickstarter.com,136.81.241.181
493,Bootell, Karl,kbootelldo@netlog.com,141.237.51.136
494,Poon, Dulcinea,dpoondp@fema.gov,109.114.32.161
495,Dwine, Faustina,fdwinedq@patch.com,67.16.23.203
497,Lowndesbrough, Wilona,wlowndesbroughds@twitter.com,199.54.83.239
499,Lightoller, Dalila,dlightollerdu@wikispaces.com,148.174.13.172
501,Scowcraft, Daffy,dscowcraftdw@icq.com,7.144.126.108
503,Grogor, Reggie,rgrogordy@sogou.com,152.2.136.28
505,Montel, Feodor,fmontele0@fema.gov,133.241.137.64
507,Reason, Ferdinanda,freasone2@sciencedirect.com,61.144.139.109
508,Darthe, Ally,adarthee3@flickr.com,216.161.9.30
509,Estable, Judah,jestablee4@1und1.de,194.43.146.8
510,Backshell, Arabel,abackshelle5@icio.us,25.100.178.78
511,Hanne, Georgianna,ghannee6@ted.com,33.145.78.38
512,Itzkovich, Donnajean,ditzkoviche7@bing.com,241.58.167.77
513,Inglese, Fielding,finglesee8@phoca.cz,1.66.70.163
515,Roalfe, Pearl,proalfeea@ifeng.com,247.90.83.34
516,Dmisek, Conny,cdmisekeb@theglobeandmail.com,22.181.191.139
517,Rapper, Cassius,crapperec@virginia.edu,229.56.173.212
519,Jandera, Xerxes,xjanderaee@zimbio.com,190.113.238.49
521,Corneljes, Jordan,jcorneljeseg@tmall.com,106.38.36.239
523,Girdlestone, Jeffry,jgirdlestoneei@i2i.jp,54.199.160.54
524,Seeman, Tamiko,tseemanej@flickr.com,71.4.66.49
525,Gilliland, Orlando,ogillilandek@plala.or.jp,206.237.7.9
526,Preene, Doroteya,dpreeneel@rambler.ru,0.52.244.158
527,Robers, Zared,zrobersem@imdb.com,171.7.122.67
528,Sally, Darlleen,dsallyen@alibaba.com,82.69.33.23
529,Haskey, Torie,thaskeyeo@zimbio.com,251.179.26.168
530,L'Homme, Agace,alhommeep@nih.gov,22.90.81.79
531,Mc Cahey, Celestine,cmccaheyeq@ox.ac.uk,230.35.68.195
532,Trighton, Nessie,ntrightoner@dot.gov,224.121.14.6
533,Ruskin, Gran,gruskines@icq.com,219.187.23.122
534,Deaconson, Margaretha,mdeaconsonet@friendfeed.com,177.114.1.11
535,Lade, Alaric,aladeeu@liveinternet.ru,217.228.77.56
537,Patman, Laurent,lpatmanew@icq.com,191.193.227.237
538,Emtage, Veriee,vemtageex@skype.com,180.232.233.190
539,Malec, Hillard,hmalecey@cisco.com,167.148.160.109
540,Hildrew, Andreana,ahildrewez@foxnews.com,187.176.248.164
541,Belamy, Ivar,ibelamyf0@theglobeandmail.com,252.25.47.155
542,Ingre, Shanon,singref1@springer.com,9.213.164.23
543,Burdge, Ernst,eburdgef2@digg.com,207.212.10.225
545,Galway, Germaine,ggalwayf4@ted.com,84.252.76.193
546,Canning, Stafford,scanningf5@1und1.de,166.143.173.245
547,Wehden, Hernando,hwehdenf6@bluehost.com,39.90.210.169
548,Holliar, Olva,oholliarf7@biblegateway.com,241.252.4.197
549,Feaveer, Sharleen,sfeaveerf8@rediff.com,91.23.239.100
550,Backe, Darwin,dbackef9@cyberchimps.com,205.174.48.169
551,Sherwyn, Bord,bsherwynfa@newyorker.com,87.129.154.50
552,Gonthard, Lilllie,lgonthardfb@miitbeian.gov.cn,32.220.167.250
553,Shinn, Hyman,hshinnfc@blog.com,144.69.117.8
555,Farr, Shelli,sfarrfe@smh.com.au,39.91.174.80
557,Fahrenbacher, Ely,efahrenbacherfg@dailymotion.com,40.201.116.12
558,Tinkler, Cyb,ctinklerfh@yahoo.co.jp,127.252.133.128
559,Topping, Rodolph,rtoppingfi@washington.edu,127.239.123.89
560,Swaden, Dulcia,dswadenfj@behance.net,19.54.188.241
561,Scamal, Mareah,mscamalfk@weather.com,255.77.5.7
563,Foord, Lizzy,lfoordfm@wordpress.com,131.222.228.3
564,O'Hartnedy, Celeste,cohartnedyfn@bluehost.com,112.103.82.180
565,Abel, Petronia,pabelfo@cornell.edu,44.40.66.164
567,Bartel, Ronny,rbartelfq@nasa.gov,203.254.108.90
568,Hatfield, Annie,ahatfieldfr@linkedin.com,192.49.168.154
569,Huett, Olvan,ohuettfs@engadget.com,215.184.2.199
571,Swanson, Jerrylee,jswansonfu@yellowbook.com,164.91.116.206
573,Loosmore, Darline,dloosmorefw@arstechnica.com,228.134.132.112
574,Summerlad, Arabelle,asummerladfx@un.org,93.243.245.41
575,Trengrove, Beauregard,btrengrovefy@myspace.com,209.73.44.78
576,Lemmer, Ofelia,olemmerfz@toplist.cz,95.0.177.93
577,Duffield, Portie,pduffieldg0@tuttocitta.it,145.93.119.15
579,Redhole, Merell,mredholeg2@hc360.com,132.21.175.147
581,Wyllis, Duff,dwyllisg4@sohu.com,78.86.144.32
583,Befroy, Giselle,gbefroyg6@twitpic.com,189.28.160.103
585,Forward, Upton,uforwardg8@nydailynews.com,193.37.244.65
586,Cutajar, Wait,wcutajarg9@biblegateway.com,35.50.25.16
587,Penbarthy, Anderea,apenbarthyga@mapy.cz,129.195.116.205
588,Tute, Cara,ctutegb@ca.gov,208.24.51.123
589,Kalkhoven, Javier,jkalkhovengc@fastcompany.com,42.176.245.112
591,M'Quhan, Ardys,amquhange@a8.net,123.123.44.63
592,Bewsy, Mignonne,mbewsygf@php.net,181.45.191.137
593,Berthod, Laurel,lberthodgg@businesswire.com,251.165.127.246
595,Currer, Toby,tcurrergi@jiathis.com,211.60.45.195
597,Daintier, Anny,adaintiergk@usnews.com,6.66.192.224
599,Lushey, Mitchael,mlusheygm@blogspot.com,162.171.28.6
600,O'Hickey, Margette,mohickeygn@nasa.gov,15.148.89.219
601,Huke, Wiatt,whukego@intel.com,51.156.70.48
602,Cassel, Theda,tcasselgp@accuweather.com,113.182.215.125
603,Trotter, Clovis,ctrottergq@house.gov,109.184.158.79
605,Yeskin, Vivyan,vyeskings@usa.gov,55.186.34.4
606,Cicchitello, Ivett,icicchitellogt@360.cn,1.108.109.45
607,Bradly, Paula,pbradlygu@posterous.com,189.240.63.134
609,Devers, Clareta,cdeversgw@usnews.com,102.30.161.32
610,Dummer, Ally,adummergx@t-online.de,186.191.175.188
611,Ettritch, Fraser,fettritchgy@angelfire.com,53.249.172.148
612,Deroche, Alethea,aderochegz@miibeian.gov.cn,202.112.63.134
613,Brockett, Nehemiah,nbrocketth0@engadget.com,168.56.229.166
614,Denison, Dix,ddenisonh1@opensource.org,197.237.97.78
615,Trippick, Andrew,atrippickh2@adobe.com,203.1.231.221
616,Stubbings, Viva,vstubbingsh3@cargocollective.com,113.64.75.244
617,De Paoli, Kessia,kdepaolih4@reference.com,170.92.206.78
619,Lammiman, Paolina,plammimanh6@1688.com,0.198.17.73
620,Trowsdall, Zebadiah,ztrowsdallh7@edublogs.org,184.52.129.126
621,Fice, Malvin,mficeh8@topsy.com,143.203.133.203
622,Archibald, Cheston,carchibaldh9@google.fr,77.84.192.225
623,Thurstance, Piper,pthurstanceha@digg.com,96.122.140.253
624,Clucas, Carin,cclucashb@istockphoto.com,182.52.251.96
625,Chinn, Jodee,jchinnhc@ft.com,154.44.169.3
627,Bruineman, Ives,ibruinemanhe@t.co,169.192.196.240
629,Berthe, Tobias,tberthehg@google.pl,36.177.195.107
630,Renols, Lizabeth,lrenolshh@amazonaws.com,174.14.239.196
631,Digginson, Trescha,tdigginsonhi@nih.gov,7.102.154.220
633,Tickel, Ethelbert,etickelhk@china.com.cn,135.192.24.53
634,Witt, Carolin,cwitthl@sbwire.com,240.159.123.169
635,Ducarne, Naomi,nducarnehm@hexun.com,191.241.107.7
636,Beldam, Merola,mbeldamhn@printfriendly.com,53.48.196.220
637,Tale, Eugenia,etaleho@wikispaces.com,26.85.179.56
638,Maving, Perl,pmavinghp@topsy.com,28.0.35.125
639,Dunk, Jennie,jdunkhq@vistaprint.com,220.95.165.207
640,Snepp, Katheryn,ksnepphr@apache.org,99.167.93.84
641,Menichillo, Lindsay,lmenichillohs@dropbox.com,55.100.201.105
642,Halcro, Bunny,bhalcroht@seattletimes.com,169.160.44.28
643,Christaeas, Sascha,schristaeashu@ihg.com,138.87.251.113
645,Ziem, Sky,sziemhw@etsy.com,51.88.239.228
647,Davidai, Vic,vdavidaihy@ftc.gov,29.163.197.81
648,O'Ruane, Raquela,roruanehz@wikia.com,120.98.97.214
649,Fonso, Dorian,dfonsoi0@cdc.gov,131.28.123.248
650,Hemphrey, Danell,dhemphreyi1@ocn.ne.jp,110.106.174.162
651,Rickford, Annabella,arickfordi2@bloomberg.com,248.219.86.139
652,Levis, Liuka,llevisi3@nymag.com,181.225.97.48
653,Shergold, Pansy,pshergoldi4@moonfruit.com,177.159.108.166
654,Brayshaw, Joellen,jbrayshawi5@un.org,83.253.248.160
655,Bushel, Karim,kbusheli6@ucsd.edu,101.131.148.233
657,Izakson, Ertha,eizaksoni8@homestead.com,54.127.34.212
659,Bussens, Dalis,dbussensia@opera.com,114.255.145.15
661,Crabb, Frankie,fcrabbic@ebay.co.uk,159.69.0.174
663,Flecknoe, Abbe,aflecknoeie@gov.uk,43.189.27.108
664,Dirand, Joya,jdirandif@naver.com,1.184.169.209
665,Lawrie, Ezekiel,elawrieig@cbslocal.com,212.196.77.7
667,Giovanni, Ephrayim,egiovanniii@google.com.br,19.100.138.33
669,Francesc, Bert,bfrancescik@wired.com,251.28.244.87
670,Carlan, Josie,jcarlanil@hhs.gov,23.144.93.121
671,Sothern, Gretchen,gsothernim@bandcamp.com,147.82.67.48
672,Rickell, Gloria,grickellin@scribd.com,20.68.144.185
673,Glashby, Julienne,jglashbyio@umn.edu,253.159.48.236
674,Sickamore, Fredek,fsickamoreip@about.com,229.155.78.170
675,Norledge, Orsola,onorledgeiq@ustream.tv,20.28.196.243
677,Rosenkranc, Sileas,srosenkrancis@technorati.com,254.137.10.201
679,Bosomworth, Ly,lbosomworthiu@flavors.me,72.254.193.72
680,Wraith, Roxanne,rwraithiv@about.com,215.240.22.44
681,Hamley, Latrina,lhamleyiw@walmart.com,185.52.216.180
683,Pratte, Gerri,gpratteiy@pbs.org,50.118.254.64
685,Lockhurst, Dominick,dlockhurstj0@artisteer.com,195.152.193.228
687,Klimkowski, Willetta,wklimkowskij2@youtu.be,185.91.172.129
688,Kairns, Nicky,nkairnsj3@dedecms.com,55.9.101.136
689,Roseby, Steward,srosebyj4@domainmarket.com,9.238.146.165
691,Denson, Kevon,kdensonj6@pbs.org,244.102.175.30
693,Ginman, Clarinda,cginmanj8@comcast.net,240.212.164.95
694,Wibrew, Kelli,kwibrewj9@ehow.com,192.61.237.98
695,Ilymanov, Kingsley,kilymanovja@mapquest.com,56.193.176.64
696,Engeham, Dawn,dengehamjb@gravatar.com,211.234.73.253
697,Ilett, Rudiger,rilettjc@bbb.org,131.237.189.234
698,Burdas, Bettine,bburdasjd@wikipedia.org,154.29.129.93
699,Follos, Joleen,jfollosje@issuu.com,75.196.167.97
700,Alberti, Dix,dalbertijf@photobucket.com,22.103.86.15
701,Szanto, Isabeau,iszantojg@umn.edu,202.224.230.253
703,Hartzog, Jannel,jhartzogji@hao123.com,96.199.189.10
704,Billo, Joelle,jbillojj@cnbc.com,239.49.39.252
705,Trustie, Lesly,ltrustiejk@bloomberg.com,102.35.142.197
706,Mifflin, Shelba,smifflinjl@utexas.edu,102.237.38.168
707,Cruickshanks, Even,ecruickshanksjm@addtoany.com,78.254.243.90
708,Ivimy, Juieta,jivimyjn@wp.com,247.241.255.172
709,Bernath, Ilysa,ibernathjo@angelfire.com,52.152.146.126
710,Messitt, Ariadne,amessittjp@europa.eu,148.2.228.66
711,Yannoni, Nataniel,nyannonijq@toplist.cz,174.188.149.116
712,Longfut, Jobye,jlongfutjr@gmpg.org,54.243.42.162
713,Moulster, Aloysia,amoulsterjs@nps.gov,154.26.250.166
715,Ewbanke, Werner,wewbankeju@ucla.edu,27.28.69.101
717,Balcon, Phedra,pbalconjw@mac.com,217.195.231.70
718,Rosborough, Johna,jrosboroughjx@topsy.com,1.164.27.95
719,Prattington, Major,mprattingtonjy@timesonline.co.uk,3.186.128.93
720,Sivill, Jarrid,jsivilljz@php.net,247.103.114.138
721,Creagh, Gaby,gcreaghk0@ameblo.jp,60.40.196.189
722,Babar, Naoma,nbabark1@digg.com,215.182.132.103
723,Heffron, Evelyn,eheffronk2@tmall.com,119.88.147.95
724,Starmore, Talya,tstarmorek3@opensource.org,145.252.118.5
725,Woolfoot, Bronson,bwoolfootk4@statcounter.com,112.124.59.138
727,Dossetter, Benji,bdossetterk6@google.de,37.64.187.73
729,Bellingham, Christoph,cbellinghamk8@prnewswire.com,122.31.76.235
730,Del Castello, Megen,mdelcastellok9@mozilla.org,61.194.5.8
731,Grivori, Darda,dgrivorika@cocolog-nifty.com,55.64.108.188
732,Crook, Mada,mcrookkb@epa.gov,191.233.245.48
733,Beamiss, Lavinia,lbeamisskc@wikia.com,56.24.95.158
735,Kits, Constance,ckitske@cpanel.net,45.117.15.231
737,Soall, Dur,dsoallkg@gnu.org,197.121.79.201
738,Cann, Sheilah,scannkh@usatoday.com,6.155.80.207
739,Pendrill, Ceil,cpendrillki@myspace.com,11.236.114.174
741,Hubert, Remington,rhubertkk@java.com,152.245.201.12
743,Bletsoe, Gannie,gbletsoekm@bbc.co.uk,67.165.51.5
744,Iliff, Julius,jiliffkn@slate.com,107.252.252.107
745,Copestick, Sally,scopestickko@tiny.cc,201.89.108.23
746,Calleja, Morganica,mcallejakp@hibu.com,35.237.91.180
747,Penrose, Demetrius,dpenrosekq@ed.gov,161.21.202.215
748,MacPhee, Yolanda,ymacpheekr@icio.us,148.22.245.113
749,Mussalli, Willem,wmussalliks@fotki.com,196.176.33.112
751,Grzeszczyk, Quentin,qgrzeszczykku@spiegel.de,207.191.126.231
752,Local, Welsh,wlocalkv@php.net,230.244.109.106
753,Liebmann, Lilllie,lliebmannkw@intel.com,203.118.148.86
754,Childe, Bill,bchildekx@yahoo.co.jp,140.2.193.86
755,Austins, Abey,aaustinsky@cafepress.com,48.153.230.18
756,MacMichael, Earle,emacmichaelkz@geocities.jp,180.174.48.46
757,Pinare, Hildegarde,hpinarel0@miibeian.gov.cn,34.143.113.33
759,Isitt, Calypso,cisittl2@people.com.cn,229.195.59.112
760,Hould, Vale,vhouldl3@bloglovin.com,128.251.79.78
761,Berridge, Meris,mberridgel4@discovery.com,103.23.96.148
762,Coaster, Marigold,mcoasterl5@amazon.com,115.183.4.151
763,Ingarfield, Janetta,jingarfieldl6@mapy.cz,116.88.105.64
765,O'Spellissey, Gabie,gospellisseyl8@acquirethisname.com,214.140.229.63
767,Persich, Eustace,epersichla@woothemes.com,40.234.147.103
768,Gresser, Barry,bgresserlb@newsvine.com,110.12.211.11
769,Kenforth, Madalena,mkenforthlc@moonfruit.com,99.41.14.173
771,Kenwood, Omero,okenwoodle@mapquest.com,239.44.53.153
772,Behnecken, Liz,lbehneckenlf@bloomberg.com,2.194.82.182
773,Smitheram, Carmelina,csmitheramlg@unc.edu,184.27.214.176
775,Cambling, Vick,vcamblingli@state.gov,138.111.118.214
776,Bellsham, Erina,ebellshamlj@networksolutions.com,73.157.153.173
777,Fuke, Roddie,rfukelk@plala.or.jp,91.215.227.119
778,Woolveridge, Di,dwoolveridgell@mapy.cz,170.146.75.77
779,Droghan, Sibylle,sdroghanlm@miibeian.gov.cn,218.107.16.117
780,Darch, Kevina,kdarchln@diigo.com,109.187.85.179
781,Butter, Maryrose,mbutterlo@over-blog.com,244.19.43.77
783,Long, Aggi,alonglq@163.com,165.206.65.247
784,Marchbank, Celesta,cmarchbanklr@bandcamp.com,65.116.253.121
785,Vasse, Claybourne,cvassels@webeden.co.uk,103.57.25.97
786,Abela, Marline,mabelalt@csmonitor.com,242.97.76.37
787,Pechold, Ivette,ipecholdlu@dropbox.com,248.49.157.84
789,Antonchik, Barbara,bantonchiklw@example.com,24.122.45.70
790,Sefton, Hedi,hseftonlx@earthlink.net,151.110.178.51
791,MacRorie, Reilly,rmacroriely@meetup.com,72.249.103.21
792,Gallifont, Aluino,agallifontlz@spotify.com,228.99.141.252
793,Cowperthwaite, Fiona,fcowperthwaitem0@shop-pro.jp,243.192.147.77
795,Millsom, Fitz,fmillsomm2@theglobeandmail.com,204.179.154.243
796,Rouby, Opalina,oroubym3@reverbnation.com,240.15.81.92
797,Cham, Adrian,achamm4@blogger.com,196.184.195.50
799,Widdecombe, Janos,jwiddecombem6@yolasite.com,91.10.208.122
801,Smidmore, Susi,ssmidmorem8@constantcontact.com,45.72.6.18
802,Sander, Hyacinth,hsanderm9@gizmodo.com,119.119.167.93
803,Webling, Ingelbert,iweblingma@merriam-webster.com,155.219.235.135
804,Heaton, Madelin,mheatonmb@redcross.org,195.155.77.248
805,Morrant, Terencio,tmorrantmc@ameblo.jp,98.68.166.43
806,Preddle, Therine,tpreddlemd@slashdot.org,92.116.111.150
807,Wheeldon, Jeno,jwheeldonme@ebay.co.uk,48.236.206.191
809,McKechnie, Ilysa,imckechniemg@hc360.com,167.87.81.165
811,Gorriessen, Kermy,kgorriessenmi@state.tx.us,139.116.75.35
812,Spincks, Sheryl,sspincksmj@mit.edu,75.117.67.159
813,Merredy, Sully,smerredymk@unesco.org,242.109.50.202
815,Hartigan, Adrian,ahartiganmm@hubpages.com,218.111.23.90
817,Woolmer, Ripley,rwoolmermo@biblegateway.com,210.49.233.223
819,Motto, Kania,kmottomq@t-online.de,43.224.96.235
821,Hassan, Sula,shassanms@europa.eu,170.51.50.97
822,Kaspar, Kati,kkasparmt@newyorker.com,8.34.146.36
823,Cohen, Ruthanne,rcohenmu@umn.edu,75.247.106.127
825,Sandy, Lind,lsandymw@smugmug.com,134.58.107.48
827,Shermar, Waverly,wshermarmy@merriam-webster.com,31.244.28.216
828,Luxen, Doralia,dluxenmz@ovh.net,144.141.176.207
829,Grzeskowski, Lula,lgrzeskowskin0@technorati.com,112.213.73.162
830,Skerman, Elianore,eskermann1@opensource.org,135.29.254.148
831,Wilsher, Gillan,gwilshern2@4shared.com,167.135.166.226
832,Probbin, Nefen,nprobbinn3@blogtalkradio.com,27.163.70.250
833,Bendel, Leona,lbendeln4@npr.org,249.45.206.33
834,Harteley, Jacquie,jharteleyn5@rambler.ru,121.183.149.240
835,Waymont, Beret,bwaymontn6@ucsd.edu,32.179.138.84
836,Varcoe, Tandie,tvarcoen7@cdc.gov,246.6.155.131
837,Raffan, Tatiania,traffann8@1688.com,16.175.111.225
839,Moreinis, Amitie,amoreinisna@constantcontact.com,157.130.94.38
840,Petera, Lynnett,lpeteranb@google.pl,26.127.37.241
841,Castana, Amery,acastananc@slashdot.org,249.107.136.209
842,Nurdin, Terrijo,tnurdinnd@amazon.co.jp,45.5.25.0
843,Purse, Bartie,bpursene@merriam-webster.com,144.179.199.55
844,Anfusso, Kirstin,kanfussonf@over-blog.com,11.151.84.208
845,Leworthy, Rodger,rleworthyng@npr.org,147.0.204.168
846,Quittonden, Jacquenetta,jquittondennh@squarespace.com,126.242.76.175
847,Ottley, Zackariah,zottleyni@craigslist.org,128.187.34.193
848,Carrett, Ced,ccarrettnj@fda.gov,150.229.169.90
849,Acors, Isadora,iacorsnk@vistaprint.com,130.163.214.54
850,Reiner, Fredericka,freinernl@fc2.com,163.145.248.195
851,Pevreal, Madelaine,mpevrealnm@angelfire.com,125.58.100.11
852,Prandi, Nadeen,nprandinn@topsy.com,183.98.105.106
853,Cory, Blanche,bcoryno@drupal.org,123.249.219.5
855,Rapkins, Jean,jrapkinsnq@npr.org,52.219.50.26
857,Fairbairn, Stan,sfairbairnns@dropbox.com,4.233.92.122
858,Tanti, Teodora,ttantint@spiegel.de,188.91.8.13
859,Loblie, Mario,mloblienu@admin.ch,190.218.227.215
860,Shirtcliffe, Isa,ishirtcliffenv@google.com.au,157.122.193.62
861,Huckell, Boycie,bhuckellnw@chicagotribune.com,132.241.209.187
862,Coppard, Buffy,bcoppardnx@twitter.com,130.55.185.172
863,Fomichyov, Tommie,tfomichyovny@cbslocal.com,160.50.99.57
865,Mulliner, Courtnay,cmullinero0@sogou.com,247.241.147.232
866,Mancell, Doralyn,dmancello1@ustream.tv,176.139.26.191
867,Poone, Tracie,tpooneo2@wired.com,32.224.123.170
868,Drivers, Beverlee,bdriverso3@icio.us,223.23.143.97
869,Ellicombe, Susanetta,sellicombeo4@amazonaws.com,99.203.46.6
871,Listone, Alex,alistoneo6@omniture.com,123.148.162.196
873,Shakespeare, Tommy,tshakespeareo8@wikispaces.com,183.152.43.72
875,Beadon, Misty,mbeadonoa@arstechnica.com,215.179.124.216
876,Bedson, Brittney,bbedsonob@privacy.gov.au,57.222.230.126
877,Redit, Verney,vreditoc@bluehost.com,52.148.195.91
878,Szachniewicz, Andie,aszachniewiczod@usgs.gov,38.143.148.200
879,Mostin, Dexter,dmostinoe@pcworld.com,48.23.111.42
881,Idiens, Jens,jidiensog@dedecms.com,244.1.17.166
883,Luard, Barbi,bluardoi@cdc.gov,243.194.154.43
885,Kivelhan, Mair,mkivelhanok@guardian.co.uk,176.162.204.198
886,Tottle, Lilias,ltottleol@example.com,49.146.58.222
887,Proughten, Tomasina,tproughtenom@jigsy.com,74.116.171.38
888,Frany, Valerye,vfranyon@dagondesign.com,168.14.203.17
889,Silson, Skyler,ssilsonoo@elegantthemes.com,175.79.78.62
891,Graybeal, Sawyer,sgraybealoq@newyorker.com,62.73.193.5
893,Braunthal, Brooks,bbraunthalos@answers.com,225.8.241.145
895,Fearenside, Melva,mfearensideou@livejournal.com,179.233.3.3
896,Fawcett, Mira,mfawcettov@plala.or.jp,205.134.137.231
897,Gathercole, Elwood,egathercoleow@time.com,74.32.221.63
899,Morais, Codi,cmoraisoy@ucoz.ru,49.32.173.30
900,McGebenay, Benedicta,bmcgebenayoz@umn.edu,253.83.4.196
901,Dutson, Mamie,mdutsonp0@twitter.com,17.212.12.204
902,MacNeely, Floyd,fmacneelyp1@tripod.com,194.112.124.150
903,Mercik, Fletcher,fmercikp2@tuttocitta.it,200.124.194.157
905,Marchant, Susana,smarchantp4@abc.net.au,17.195.90.131
907,Kremer, Rob,rkremerp6@va.gov,234.176.117.69
908,Yateman, Georgianne,gyatemanp7@netlog.com,161.135.244.95
909,Kirton, Tybalt,tkirtonp8@nba.com,121.53.24.202
910,Dunton, Melisenda,mduntonp9@army.mil,40.31.126.216
911,Imesen, Candie,cimesenpa@google.com,200.217.51.159
913,Glisenan, Ichabod,iglisenanpc@dell.com,177.219.185.112
915,Pember, Adeline,apemberpe@google.cn,243.82.249.148
917,Crossman, William,wcrossmanpg@youtube.com,210.169.133.45
919,Sizeland, Darcey,dsizelandpi@huffingtonpost.com,183.106.180.34
920,Culpan, Kayle,kculpanpj@icio.us,4.76.84.137
921,Slorance, Archie,aslorancepk@springer.com,5.133.168.192
922,Aldersley, Carley,caldersleypl@technorati.com,210.237.184.46
923,Teffrey, Eulalie,eteffreypm@wired.com,127.49.138.212
925,Keizman, Melesa,mkeizmanpo@va.gov,196.220.176.60
927,Nazareth, Charmion,cnazarethpq@wikimedia.org,177.22.229.21
928,Capsey, Cathie,ccapseypr@bandcamp.com,170.32.207.143
929,Stockhill, Elwyn,estockhillps@usgs.gov,81.127.58.135
930,McClancy, Gerianna,gmcclancypt@cargocollective.com,110.53.10.189
931,Keymar, Licha,lkeymarpu@ebay.co.uk,48.134.139.240
932,Elkins, Tori,telkinspv@ebay.com,43.173.50.137
933,Cicco, Dan,dciccopw@bbb.org,233.49.0.10
934,Duckerin, Wilona,wduckerinpx@narod.ru,125.78.43.218
935,Magee, Jerrylee,jmageepy@dedecms.com,140.208.132.28
936,Nowak, Rosanne,rnowakpz@simplemachines.org,227.114.34.31
937,Lefwich, Alasdair,alefwichq0@usatoday.com,224.31.67.113
938,Dobbing, Janetta,jdobbingq1@i2i.jp,222.189.121.51
939,Howard - Gater, Joby,jhowardgaterq2@ocn.ne.jp,219.178.98.32
940,Willgoose, Kellia,kwillgooseq3@answers.com,221.179.158.216
941,Mapes, Frieda,fmapesq4@wordpress.com,244.216.0.213
943,Scrimshaw, Alyce,ascrimshawq6@paypal.com,16.203.234.118
944,Baillie, Lucy,lbaillieq7@abc.net.au,199.61.75.19
945,Beazleigh, Kliment,kbeazleighq8@networkadvertising.org,180.204.46.117
946,Magnay, Zondra,zmagnayq9@networkadvertising.org,204.10.83.233
947,Handover, Hermia,hhandoverqa@technorati.com,23.16.9.145
948,Bienvenu, Lynnell,lbienvenuqb@walmart.com,195.250.202.69
949,Chappell, Leland,lchappellqc@histats.com,229.181.28.3
951,Studdal, Jordon,jstuddalqe@facebook.com,120.254.159.95
952,McKeney, Rosalind,rmckeneyqf@discovery.com,56.70.144.161
953,Anand, Gnni,ganandqg@businessinsider.com,48.218.5.82
954,Sills, Sallyann,ssillsqh@tinypic.com,14.80.78.192
955,Dearsley, Renate,rdearsleyqi@globo.com,19.22.10.231
957,Landsman, Ninette,nlandsmanqk@cafepress.com,184.10.174.254
958,Peepall, Valina,vpeepallql@issuu.com,132.34.71.2
959,Matushenko, Vivyanne,vmatushenkoqm@cdc.gov,58.215.130.216
961,Bambridge, Jobie,jbambridgeqo@wix.com,4.239.187.164
963,Keets, Keelby,kkeetsqq@blogs.com,138.234.144.203
964,Saffe, Lethia,lsaffeqr@altervista.org,82.76.157.151
965,Doyle, Isa,idoyleqs@themeforest.net,27.81.126.169
966,Demcak, Gabriella,gdemcakqt@tripod.com,31.16.48.222
967,Stoffer, Lucky,lstofferqu@sitemeter.com,216.6.94.225
968,Tankard, Ardyth,atankardqv@google.com.au,0.143.190.211
969,Lesmonde, Wendeline,wlesmondeqw@google.cn,58.148.144.99
970,Worsnup, Leone,lworsnupqx@kickstarter.com,97.135.117.165
971,Edmeads, Haven,hedmeadsqy@dagondesign.com,86.98.220.143
973,Coneau, Kerry,kconeaur0@chicagotribune.com,221.136.224.11
974,Schorah, Lauren,lschorahr1@smugmug.com,169.108.96.189
975,Franchioni, Sullivan,sfranchionir2@pen.io,145.108.54.146
976,McDougall, Zachery,zmcdougallr3@cmu.edu,250.144.78.107
977,Twyford, Silvia,stwyfordr4@digg.com,4.203.136.178
978,Idel, Joscelin,jidelr5@51.la,238.50.94.221
979,Wringe, Jon,jwringer6@narod.ru,93.185.13.127
981,Lempertz, Walt,wlempertzr8@wikia.com,148.88.67.113
982,Bohills, Terza,tbohillsr9@ibm.com,28.119.170.135
983,Callander, Dahlia,dcallanderra@discovery.com,205.155.235.38
984,Werndly, Phebe,pwerndlyrb@sitemeter.com,105.111.177.97
985,Cruess, Griffin,gcruessrc@unesco.org,224.251.21.55
986,Brockie, Bonnibelle,bbrockierd@alexa.com,242.206.232.224
987,Odde, Sharity,soddere@reuters.com,134.92.109.114
988,Theriot, Arluene,atheriotrf@princeton.edu,67.30.7.83
989,Edwardson, Zulema,zedwardsonrg@cisco.com,47.171.194.93
990,Falck, Derry,dfalckrh@fastcompany.com,79.56.82.178
991,Mashal, Morse,mmashalri@irs.gov,230.177.216.232
992,Biffen, Ediva,ebiffenrj@i2i.jp,105.20.34.89
993,Barnwall, Riobard,rbarnwallrk@army.mil,115.26.160.189
995,Haddow, Ree,rhaddowrm@deliciousdays.com,106.214.219.247
997,Wenn, Kirby,kwennro@networkadvertising.org,217.205.110.252
999,Arnatt, Johnathan,jarnattrq@artisteer.com,54.236.208.126
1000,Cushion, Quintina,qcushionrr@miitbeian.gov.cn,175.188.229.247
