id,first_name,last_name,email,gender,ip_address
1,Stafani,Russam,srussam0@sbwire.com,Female,203.212.48.45
2,Charmian,Drysdale,cdrysdale1@craigslist.org,Female,178.188.106.237
3,Octavius,Hoodlass,ohoodlass2@dion.ne.jp,Male,95.43.115.192
4,Erin,Abazi,eabazi3@weebly.com,Female,91.69.242.237
5,Kendal,Jakolevitch,kjakolevitch4@t-online.de,Male,59.5.177.161
6,Chip,Stewartson,cstewartson5@jigsy.com,Male,47.147.15.132
7,Krisha,Goozee,kgoozee6@npr.org,Male,80.20.108.200
8,Rici,MacGrath,rmacgrath7@cdbaby.com,Female,162.221.241.127
9,Chantal,Banford,cbanford8@networkadvertising.org,Female,216.7.180.189
10,Vyky,Marrable,vmarrable9@biglobe.ne.jp,Female,1.48.243.98
11,Bevin,Whithorn,bwhithorna@hostgator.com,Male,81.165.88.15
12,Meg,Merfin,mmerfinb@loc.gov,Female,221.234.139.239
13,Fan,Dugald,fdugaldc@de.vu,Female,58.23.79.48
14,Case,Zipsell,czipselld@odnoklassniki.ru,Male,61.24.65.103
15,Sherm,Saylor,ssaylore@ning.com,Male,13.238.19.34
16,Saxon,Bloxsome,sbloxsomef@webnode.com,Male,252.160.72.111
17,Jerry,Label,jlabelg@admin.ch,Male,119.146.232.248
18,Florida,Le Franc,flefranch@wired.com,Female,36.10.20.63
19,Gideon,McMinn,gmcminni@com.com,Male,158.213.107.45
20,Melony,Ducket,mducketj@storify.com,Female,237.217.145.133
21,Elenore,Stote,estotek@state.tx.us,Genderqueer,65.108.200.202
22,Karalee,Sifflett,ksifflettl@amazon.co.uk,Female,139.87.251.155
23,Buckie,Garrold,bgarroldm@harvard.edu,Male,119.5.176.187
24,Layla,Jentin,ljentinn@amazonaws.com,Female,34.171.121.181
25,Olivie,Tite,otiteo@fema.gov,Female,116.32.83.212
26,Konstantine,Hunnaball,khunnaballp@google.nl,Male,227.209.210.231
27,Dewain,Nottingham,dnottinghamq@51.la,Male,128.185.106.35
28,Land,Grimsdell,lgrimsdellr@upenn.edu,Male,13.74.237.25
29,Jillian,Hurley,jhurleys@statcounter.com,Female,219.195.151.163
30,Bentlee,Ceaplen,bceaplent@wordpress.org,Male,237.184.175.252
31,Marshal,Peer,mpeeru@usda.gov,Polygender,239.251.218.62
32,Christoforo,O'Mahoney,comahoneyv@va.gov,Male,193.33.144.234
33,Donica,Habbershon,dhabbershonw@pcworld.com,Female,46.93.58.227
34,Curtis,Paolicchi,cpaolicchix@github.io,Male,205.225.161.202
35,Theodor,Dullingham,tdullinghamy@state.tx.us,Male,223.142.48.238
36,Gilberte,Inmett,ginmettz@ow.ly,Female,6.170.136.119
37,Henrik,Edmand,hedmand10@hugedomains.com,Male,8.111.116.75
38,Wenda,Faherty,wfaherty11@wufoo.com,Female,95.43.149.37
39,Erwin,Goodliff,egoodliff12@freewebs.com,Male,5.8.243.85
40,Blisse,Preedy,bpreedy13@loc.gov,Female,98.218.124.67
41,Gerick,Doding,gdoding14@over-blog.com,Male,202.205.50.232
42,Tildie,Dhillon,tdhillon15@seesaa.net,Female,91.239.188.178
43,Darb,Huxham,dhuxham16@biglobe.ne.jp,Female,63.116.28.21
44,Raimundo,Chadd,rchadd17@live.com,Male,232.45.25.106
45,Mathian,Bigglestone,mbigglestone18@whitehouse.gov,Male,64.16.248.14
46,Natty,Pietrusiak,npietrusiak19@redcross.org,Female,124.252.88.240
47,Robb,Van den Hof,rvandenhof1a@cnbc.com,Male,9.191.107.12
48,Tracey,Regglar,tregglar1b@yelp.com,Agender,79.255.2.86
49,Sampson,Woodyer,swoodyer1c@dot.gov,Male,172.235.155.143
50,Powell,Halgarth,phalgarth1d@reuters.com,Male,107.139.244.137
51,Coral,Brundall,cbrundall1e@pbs.org,Female,71.116.156.137
52,David,Eagle,deagle1f@w3.org,Male,113.152.86.7
53,Fulton,Jeves,fjeves1g@rambler.ru,Male,60.6.203.69
54,Tera,Chotty,tchotty1h@unblog.fr,Female,47.170.245.127
55,Corenda,Digges,cdigges1i@pagesperso-orange.fr,Female,139.160.167.252
56,Wilhelmina,Nenci,wnenci1j@nymag.com,Bigender,189.89.11.172
57,Thomas,McCanny,tmccanny1k@yolasite.com,Male,191.43.164.40
58,Brendan,Ormonde,bormonde1l@psu.edu,Male,99.190.2.182
59,Jyoti,Bosche,jbosche1m@bbb.org,Polygender,102.63.137.205
60,Ulric,Marnes,umarnes1n@edublogs.org,Male,182.122.104.96
61,Natividad,Trathan,ntrathan1o@vinaora.com,Female,204.114.26.243
62,Cilka,Spenley,cspenley1p@com.com,Female,13.202.208.190
63,Ilise,Primak,iprimak1q@ucla.edu,Female,230.32.173.133
64,Allyson,Bengtson,abengtson1r@xinhuanet.com,Female,69.110.30.118
65,Vaughn,Pitherick,vpitherick1s@blogtalkradio.com,Male,254.86.135.41
66,Derril,Dincey,ddincey1t@reuters.com,Bigender,84.181.206.126
67,Antonella,Colt,acolt1u@slashdot.org,Female,125.5.244.83
68,Alia,Dargie,adargie1v@spiegel.de,Female,196.58.239.181
69,Rolph,Lorenzini,rlorenzini1w@cnbc.com,Male,86.218.193.248
70,Ginelle,Wethey,gwethey1x@cbsnews.com,Female,125.133.243.254
71,Conan,Esslement,cesslement1y@biblegateway.com,Male,80.214.192.185
72,Johnette,Burder,jburder1z@mozilla.org,Female,126.107.100.159
73,Reggie,Carillo,rcarillo20@blinklist.com,Male,157.209.149.253
74,Ezra,Lait,elait21@canalblog.com,Male,13.58.90.235
75,Wynn,Laidler,wlaidler22@hubpages.com,Female,108.158.52.134
76,Anabella,Brasener,abrasener23@sun.com,Female,62.30.245.69
77,Fionna,Clarson,fclarson24@blog.com,Female,188.154.15.186
78,Jessi,Sheahan,jsheahan25@usnews.com,Female,152.215.212.244
79,Ivonne,Meffan,imeffan26@histats.com,Female,33.252.8.171
80,Melany,Taynton,mtaynton27@com.com,Female,112.34.92.200
81,Gerrard,Canceller,gcanceller28@xing.com,Male,221.114.3.49
82,Lowell,Dohmann,ldohmann29@rakuten.co.jp,Male,26.18.95.29
83,Krissie,Lynagh,klynagh2a@google.cn,Female,45.42.161.16
84,Gannon,Canby,gcanby2b@1688.com,Male,248.188.68.129
85,Cathyleen,Bartens,cbartens2c@ibm.com,Female,124.240.10.252
86,Rubia,Nizard,rnizard2d@wunderground.com,Female,43.93.125.91
87,Isador,Kernes,ikernes2e@jigsy.com,Male,133.149.229.138
88,Ernestus,Lagen,elagen2f@washingtonpost.com,Male,78.204.90.182
89,Bernadette,Kubalek,bkubalek2g@sfgate.com,Genderqueer,147.251.140.34
90,Bellanca,Rubra,brubra2h@clickbank.net,Female,13.112.135.46
91,Moyra,Fox,mfox2i@twitpic.com,Female,228.243.246.11
92,Carlin,Frere,cfrere2j@google.de,Male,163.240.166.66
93,Feodor,Essex,fessex2k@domainmarket.com,Non-binary,243.175.13.221
94,Agosto,Adamczyk,aadamczyk2l@issuu.com,Male,184.107.16.51
95,Laina,Valde,lvalde2m@livejournal.com,Female,129.99.191.243
96,Annemarie,de Clerq,adeclerq2n@mit.edu,Genderqueer,137.84.238.72
97,Sawyere,Dew,sdew2o@seattletimes.com,Male,110.32.70.198
98,Ilise,Kobisch,ikobisch2p@creativecommons.org,Female,82.243.232.254
99,Christabella,Zoppo,czoppo2q@usgs.gov,Female,41.158.43.250
100,Agnesse,Jordan,ajordan2r@aboutads.info,Female,86.135.126.172
101,Ninette,Antosch,nantosch2s@mac.com,Female,27.100.175.110
102,Beryl,Cinderey,bcinderey2t@cbslocal.com,Female,82.187.75.124
103,Nappy,D'Ambrosio,ndambrosio2u@biblegateway.com,Male,186.36.232.113
104,Avis,Splaven,asplaven2v@wufoo.com,Female,108.209.189.246
105,Dyna,Tidbold,dtidbold2w@census.gov,Genderqueer,199.254.222.94
106,Pam,Turbat,pturbat2x@sogou.com,Female,108.10.157.194
107,Forester,Trobe,ftrobe2y@rakuten.co.jp,Male,30.114.42.245
108,Giulio,Higbin,ghigbin2z@netlog.com,Male,130.239.164.20
109,Nissie,Fleeman,nfleeman30@tumblr.com,Female,250.86.91.174
110,Lindsey,Mansell,lmansell31@discovery.com,Male,65.233.222.220
111,Deeann,Gard,dgard32@xinhuanet.com,Female,182.59.168.162
112,Bettina,Loader,bloader33@spiegel.de,Female,93.136.38.98
113,Ernesto,Jubb,ejubb34@cbslocal.com,Male,32.186.83.29
114,Giovanna,Trobey,gtrobey35@ning.com,Genderfluid,130.137.38.139
115,Saloma,Joiris,sjoiris36@usatoday.com,Female,49.213.244.217
116,Iago,Gauge,igauge37@edublogs.org,Male,144.109.16.130
117,Anestassia,Jacques,ajacques38@un.org,Female,51.254.93.201
118,Petronilla,Ballay,pballay39@cbc.ca,Female,176.44.94.222
119,Marco,Sharpling,msharpling3a@pinterest.com,Male,22.93.80.22
120,Daile,Leupold,dleupold3b@dropbox.com,Female,210.250.191.230
121,Chane,Summerton,csummerton3c@barnesandnoble.com,Male,90.145.58.153
122,Archer,Barnfather,abarnfather3d@arizona.edu,Male,21.200.4.215
123,Carlo,Knudsen,cknudsen3e@goo.gl,Male,75.198.106.171
124,Sergio,Baudesson,sbaudesson3f@fema.gov,Male,214.19.6.137
125,Vita,Hurndall,vhurndall3g@admin.ch,Female,200.213.183.97
126,Ilene,Dilnot,idilnot3h@webeden.co.uk,Female,193.138.18.139
127,Veriee,Edgars,vedgars3i@jugem.jp,Female,7.175.102.255
128,Gauthier,Andreaccio,gandreaccio3j@so-net.ne.jp,Male,66.39.76.138
129,Janeen,Fearnehough,jfearnehough3k@wikispaces.com,Female,20.81.181.167
130,Brant,Sotheron,bsotheron3l@moonfruit.com,Genderqueer,224.152.207.70
131,Kip,Saket,ksaket3m@theguardian.com,Female,14.120.39.10
132,Leontine,Telford,ltelford3n@amazon.com,Female,107.111.174.70
133,Cullan,Larkins,clarkins3o@linkedin.com,Male,125.253.35.120
134,Cirstoforo,Terram,cterram3p@businesswire.com,Male,180.33.113.55
135,Sal,Whewell,swhewell3q@infoseek.co.jp,Female,52.98.98.203
136,Ronna,Le Brom,rlebrom3r@si.edu,Female,172.125.120.148
137,Sada,Traske,straske3s@tmall.com,Female,5.144.66.243
138,Mureil,Stockings,mstockings3t@mozilla.org,Female,37.84.184.141
139,Katine,Ahlin,kahlin3u@youtu.be,Female,33.149.239.40
140,Arabela,Larner,alarner3v@umich.edu,Female,169.228.158.55
141,Lilas,Norris,lnorris3w@reuters.com,Female,80.135.108.25
142,Morley,Sore,msore3x@mediafire.com,Male,160.255.133.24
143,Bar,Francescotti,bfrancescotti3y@newyorker.com,Male,209.170.57.73
144,Shellysheldon,Alcido,salcido3z@soup.io,Male,126.36.198.213
145,Caprice,Faier,cfaier40@wunderground.com,Polygender,248.118.224.149
146,Uta,Lamasna,ulamasna41@dagondesign.com,Genderfluid,27.169.136.236
147,Jone,Geard,jgeard42@twitpic.com,Male,116.48.74.233
148,Fredrika,Bretland,fbretland43@qq.com,Genderqueer,125.119.17.25
149,Vivian,Swainston,vswainston44@oaic.gov.au,Female,115.154.92.88
150,Cassey,Wicken,cwicken45@bizjournals.com,Female,136.21.238.149
151,Benoit,Haselwood,bhaselwood46@sfgate.com,Male,81.95.230.218
152,Marla,Barltrop,mbarltrop47@fastcompany.com,Female,137.148.137.118
153,Vita,Keays,vkeays48@hud.gov,Female,111.148.192.244
154,Edwin,Oakly,eoakly49@google.co.uk,Male,22.67.49.146
155,Nariko,Cardillo,ncardillo4a@abc.net.au,Female,142.24.249.250
156,Kalindi,Townley,ktownley4b@discovery.com,Female,247.117.128.78
157,Zara,Vanns,zvanns4c@histats.com,Female,107.142.116.124
158,Job,Ethelston,jethelston4d@rambler.ru,Male,160.4.124.182
159,Tabitha,Pothergill,tpothergill4e@histats.com,Female,190.61.217.110
160,Gardener,Checchetelli,gchecchetelli4f@dailymail.co.uk,Male,87.28.65.177
161,Donny,Wealleans,dwealleans4g@is.gd,Female,221.169.172.66
162,Rollin,Kealy,rkealy4h@wufoo.com,Male,255.160.189.162
163,Nolan,Gronow,ngronow4i@mysql.com,Male,200.6.17.93
164,Aubrey,Glyde,aglyde4j@imgur.com,Polygender,177.221.223.99
165,Ettore,Methuen,emethuen4k@msn.com,Agender,162.251.102.21
166,Virgie,Thain,vthain4l@webmd.com,Female,53.248.11.158
167,Phyllys,Maas,pmaas4m@parallels.com,Female,55.100.99.129
168,Dayle,Pogosian,dpogosian4n@time.com,Non-binary,45.165.151.74
169,Phillida,Bielfelt,pbielfelt4o@yellowbook.com,Female,50.127.158.177
170,Monty,Stendell,mstendell4p@over-blog.com,Male,22.210.144.58
171,Whit,Skoggins,wskoggins4q@cnet.com,Male,204.225.228.177
172,Brietta,Switzer,bswitzer4r@craigslist.org,Female,69.157.233.52
173,Orion,Birdwhistle,obirdwhistle4s@cornell.edu,Male,146.252.126.121
174,Trenna,Brenton,tbrenton4t@disqus.com,Female,250.96.147.67
175,Stillman,Passe,spasse4u@bandcamp.com,Male,61.166.166.226
176,Lacee,Drinkale,ldrinkale4v@flavors.me,Female,26.162.214.176
177,Barth,Laidlaw,blaidlaw4w@theguardian.com,Male,238.252.16.35
178,Arlyn,Derill,aderill4x@pagesperso-orange.fr,Female,224.156.202.181
179,Jill,Dundendale,jdundendale4y@wunderground.com,Female,136.116.4.214
180,Janela,Carpmile,jcarpmile4z@hp.com,Female,21.12.200.86
181,Nerta,Harbin,nharbin50@guardian.co.uk,Female,85.231.93.240
182,Lester,Doud,ldoud51@washington.edu,Male,147.39.172.125
183,Bren,Barnsdale,bbarnsdale52@epa.gov,Male,102.104.43.154
184,Ingeberg,Cormack,icormack53@berkeley.edu,Female,15.90.192.208
185,Sybila,Bossom,sbossom54@goodreads.com,Female,173.240.58.165
186,Artur,Ghilks,aghilks55@google.com.br,Male,136.238.175.94
187,Kari,D'Alessio,kdalessio56@slideshare.net,Female,14.118.98.226
188,Sarah,Rapp,srapp57@gmpg.org,Female,151.219.244.144
189,Sharona,Roobottom,sroobottom58@eepurl.com,Female,39.72.197.233
190,Moritz,Rigge,mrigge59@facebook.com,Male,224.190.12.48
191,Esmeralda,Rentz,erentz5a@skyrock.com,Genderqueer,143.233.142.11
192,Wyndham,Grundle,wgrundle5b@facebook.com,Male,66.134.225.84
193,Frederick,Botterill,fbotterill5c@hatena.ne.jp,Male,90.222.75.132
194,Corine,Taillant,ctaillant5d@spiegel.de,Female,182.99.42.223
195,Virgilio,Latan,vlatan5e@berkeley.edu,Male,85.22.198.9
196,Aluino,Twentyman,atwentyman5f@linkedin.com,Male,248.104.8.60
197,Thorin,Teasell,tteasell5g@cbc.ca,Male,106.200.57.55
198,Mordy,Maccari,mmaccari5h@theglobeandmail.com,Male,135.69.179.173
199,Ronda,Ortiger,rortiger5i@indiegogo.com,Female,72.78.79.141
200,Goldi,Cade,gcade5j@cocolog-nifty.com,Female,245.232.67.50
201,Wilek,O'Keenan,wokeenan5k@go.com,Male,124.237.73.112
202,Glad,Shwalbe,gshwalbe5l@rambler.ru,Female,205.104.146.183
203,Steward,Shafier,sshafier5m@sogou.com,Male,4.70.170.81
204,Reinhold,Tassell,rtassell5n@canalblog.com,Male,23.231.122.121
205,Peterus,Cheel,pcheel5o@home.pl,Male,232.185.126.221
206,Darrell,Birchner,dbirchner5p@umich.edu,Male,180.72.188.212
207,Tresa,Heigold,theigold5q@cpanel.net,Non-binary,143.137.14.50
208,Graig,Lackinton,glackinton5r@histats.com,Male,113.102.68.252
209,Fanchette,Ambroz,fambroz5s@illinois.edu,Female,65.223.249.8
210,Rosa,Ryman,rryman5t@baidu.com,Female,14.243.56.46
211,Nichols,Gerrietz,ngerrietz5u@chron.com,Male,4.50.42.52
212,Kaile,Sudran,ksudran5v@indiatimes.com,Female,243.7.243.221
213,Abbie,Mowlam,amowlam5w@com.com,Male,217.176.245.159
214,Constantina,Candish,ccandish5x@networkadvertising.org,Female,37.188.171.153
215,Montague,Coule,mcoule5y@mayoclinic.com,Male,232.230.35.112
216,Clemmie,Remmers,cremmers5z@jalbum.net,Female,91.226.121.215
217,Latrina,Skerritt,lskerritt60@blinklist.com,Female,77.144.224.140
218,Kira,Cleworth,kcleworth61@hugedomains.com,Female,141.10.175.180
219,Jewel,Janecki,jjanecki62@hatena.ne.jp,Non-binary,46.26.252.79
220,Henrieta,Iltchev,hiltchev63@123-reg.co.uk,Female,38.201.34.141
221,Raine,Saggs,rsaggs64@joomla.org,Female,138.171.62.83
222,Alexandra,Groombridge,agroombridge65@jiathis.com,Genderqueer,241.247.209.144
223,Dael,Balnave,dbalnave66@slashdot.org,Female,247.106.223.168
224,Wilbert,Coltart,wcoltart67@marriott.com,Male,68.38.248.9
225,Jayne,Minithorpe,jminithorpe68@unc.edu,Female,226.255.117.250
226,Henrieta,Gravet,hgravet69@geocities.jp,Female,251.160.164.202
227,Edy,Erricker,eerricker6a@oakley.com,Female,166.183.12.159
228,Dennet,Bourdas,dbourdas6b@slashdot.org,Male,226.184.213.167
229,Town,Croysdale,tcroysdale6c@ca.gov,Male,215.255.12.37
230,Rolph,Rissen,rrissen6d@gmpg.org,Male,58.138.120.18
231,Breena,Brimham,bbrimham6e@cmu.edu,Female,167.201.37.8
232,Hailee,Beever,hbeever6f@live.com,Female,107.28.161.251
233,Rorie,Babidge,rbabidge6g@oaic.gov.au,Female,253.151.219.47
234,Worthington,Woodus,wwoodus6h@imageshack.us,Male,231.166.120.52
235,Hymie,Hazell,hhazell6i@miitbeian.gov.cn,Male,80.115.105.56
236,Chilton,Croll,ccroll6j@ifeng.com,Male,139.46.64.71
237,Alejoa,Itzhak,aitzhak6k@vk.com,Male,73.28.207.211
238,Blanca,Nottingham,bnottingham6l@mayoclinic.com,Female,33.138.40.248
239,Seth,Menis,smenis6m@umn.edu,Male,41.151.65.11
240,Blayne,Kubu,bkubu6n@microsoft.com,Male,77.4.36.169
241,Doy,Legate,dlegate6o@pinterest.com,Male,211.168.51.174
242,Farica,Brunnen,fbrunnen6p@fda.gov,Female,203.105.61.207
243,Reagen,Dufaire,rdufaire6q@seesaa.net,Male,13.50.8.237
244,Ignacio,Hatchman,ihatchman6r@webs.com,Male,137.156.35.223
245,Dennie,Furse,dfurse6s@jugem.jp,Male,169.167.194.118
246,Alair,Tranter,atranter6t@desdev.cn,Male,19.109.213.71
247,Candi,Rubinfajn,crubinfajn6u@mashable.com,Non-binary,32.88.148.148
248,Sauveur,Cargill,scargill6v@patch.com,Polygender,221.17.246.35
249,Maddi,Minichi,mminichi6w@epa.gov,Female,58.109.24.180
250,Wheeler,Finan,wfinan6x@chron.com,Male,226.241.222.146
251,Artemis,Korting,akorting6y@cornell.edu,Male,61.171.100.211
252,Garret,Bleeze,gbleeze6z@independent.co.uk,Male,181.14.1.36
253,Timothee,Bradder,tbradder70@umich.edu,Male,187.217.105.155
254,Emile,Whytock,ewhytock71@google.es,Male,39.241.74.25
255,Karola,O'Hogertie,kohogertie72@google.ru,Female,39.64.68.83
256,Selby,Izard,sizard73@cnet.com,Male,10.109.133.62
257,Miles,Brou,mbrou74@washington.edu,Male,71.110.115.206
258,Leontine,Autie,lautie75@yandex.ru,Female,216.245.85.245
259,Sheryl,Eccleston,seccleston76@irs.gov,Female,102.70.3.214
260,Jeannie,Tucker,jtucker77@newyorker.com,Female,92.38.253.208
261,Wye,Primak,wprimak78@linkedin.com,Male,244.36.39.50
262,Nyssa,Butson,nbutson79@pagesperso-orange.fr,Female,39.128.46.241
263,Jesse,Ferrino,jferrino7a@discuz.net,Female,50.135.249.39
264,Doyle,De la Harpe,ddelaharpe7b@hud.gov,Male,56.2.98.202
265,Karney,Chaff,kchaff7c@phoca.cz,Male,50.215.0.56
266,Philippe,Husband,phusband7d@paypal.com,Female,154.3.25.200
267,Zorah,Alejo,zalejo7e@ebay.co.uk,Female,7.76.30.208
268,Kakalina,Zielinski,kzielinski7f@businessinsider.com,Female,123.230.93.192
269,Thaddeus,Beisley,tbeisley7g@mediafire.com,Male,75.216.67.219
270,Evvie,Grimshaw,egrimshaw7h@ed.gov,Female,135.159.103.149
271,Nichol,Pickles,npickles7i@ning.com,Female,165.16.79.30
272,Jud,Pavey,jpavey7j@loc.gov,Male,75.134.110.65
273,Pauly,Tillerton,ptillerton7k@hp.com,Male,26.70.22.146
274,Nahum,Yarnell,nyarnell7l@vkontakte.ru,Male,98.190.246.70
275,Vinni,Signoret,vsignoret7m@wordpress.org,Female,173.241.119.19
276,Magdaia,Huckster,mhuckster7n@live.com,Female,30.29.37.35
277,Norbie,Bonnaire,nbonnaire7o@arizona.edu,Male,252.81.248.41
278,Chandra,Viner,cviner7p@nymag.com,Female,254.211.238.184
279,Kania,Pfeffle,kpfeffle7q@comsenz.com,Female,48.246.165.176
280,Raimund,Tamburo,rtamburo7r@list-manage.com,Male,80.226.72.149
281,Denys,Laux,dlaux7s@usnews.com,Female,240.176.66.205
282,Ax,Longcake,alongcake7t@jugem.jp,Male,98.193.104.140
283,Constantine,Greenwell,cgreenwell7u@netvibes.com,Male,10.207.157.50
284,Sanson,Teodori,steodori7v@harvard.edu,Male,74.103.9.197
285,Joye,Gonthard,jgonthard7w@wired.com,Female,214.81.138.100
286,Skye,Adnams,sadnams7x@usnews.com,Male,145.104.0.122
287,Hobie,Hadwen,hhadwen7y@addtoany.com,Male,88.183.186.201
288,Nonna,Nazer,nnazer7z@huffingtonpost.com,Female,145.137.98.47
289,Garrard,Honig,ghonig80@hatena.ne.jp,Male,73.78.83.36
290,Page,Schottli,pschottli81@scientificamerican.com,Female,155.222.166.239
291,Robers,Rosendahl,rrosendahl82@webeden.co.uk,Male,3.76.10.3
292,Rozamond,Colquhoun,rcolquhoun83@mapy.cz,Female,42.97.32.207
293,Zita,Rudram,zrudram84@blogtalkradio.com,Female,184.49.83.183
294,Marcelia,Fulk,mfulk85@sohu.com,Female,39.87.242.120
295,Arel,McCree,amccree86@yale.edu,Male,202.19.216.107
296,Wallace,Kellogg,wkellogg87@t.co,Male,111.167.49.199
297,Evangelia,Boyen,eboyen88@archive.org,Female,188.164.171.60
298,Anastasie,Eakeley,aeakeley89@springer.com,Female,28.148.155.162
299,Wendie,Torrese,wtorrese8a@si.edu,Female,10.117.239.49
300,Hartwell,Delagua,hdelagua8b@sina.com.cn,Male,99.4.23.123
301,Torrance,Cumberbatch,tcumberbatch8c@exblog.jp,Male,211.99.26.227
302,Gwyneth,Oliveira,goliveira8d@joomla.org,Female,39.69.238.162
303,Karyn,Aulton,kaulton8e@ameblo.jp,Female,171.45.188.96
304,Ariela,Winckles,awinckles8f@wiley.com,Female,92.173.44.166
305,Grantley,Dechelle,gdechelle8g@pinterest.com,Male,150.146.126.66
306,Richy,Borrow,rborrow8h@wunderground.com,Male,147.152.66.81
307,Arliene,Pellissier,apellissier8i@list-manage.com,Female,136.116.168.14
308,Olive,Bubear,obubear8j@tuttocitta.it,Genderqueer,89.129.232.138
309,Boyd,Carbry,bcarbry8k@flickr.com,Male,42.72.43.77
310,Carey,Piniur,cpiniur8l@abc.net.au,Male,122.185.97.54
311,Gail,Freeberne,gfreeberne8m@cnn.com,Female,70.82.93.50
312,Trude,Jakoviljevic,tjakoviljevic8n@omniture.com,Female,141.243.11.144
313,Mildred,Kernley,mkernley8o@yandex.ru,Female,17.47.93.38
314,Niel,Hollington,nhollington8p@elpais.com,Male,51.153.215.65
315,Stevena,Rewcassell,srewcassell8q@latimes.com,Female,7.246.94.67
316,Baryram,Oneile,boneile8r@twitter.com,Agender,132.184.81.200
317,Rois,Springthorpe,rspringthorpe8s@cbc.ca,Female,226.188.93.104
318,Prentice,Poyzer,ppoyzer8t@timesonline.co.uk,Male,214.159.37.48
319,Lenka,Crocumbe,lcrocumbe8u@nih.gov,Female,240.72.215.227
320,Hermia,Pickervance,hpickervance8v@nih.gov,Female,246.220.6.166
321,Brannon,Clashe,bclashe8w@marriott.com,Male,235.214.59.92
322,Janela,Normanvill,jnormanvill8x@slashdot.org,Female,16.87.146.212
323,Gothart,Attawell,gattawell8y@simplemachines.org,Male,170.40.117.236
324,Orv,Blackaller,oblackaller8z@feedburner.com,Male,61.5.207.132
325,Timotheus,Dottridge,tdottridge90@addtoany.com,Male,27.44.230.39
326,Tim,Suarez,tsuarez91@t.co,Female,7.200.208.60
327,Mackenzie,McDonald,mmcdonald92@plala.or.jp,Male,51.39.61.178
328,Brunhilda,Imason,bimason93@mlb.com,Female,246.40.23.42
329,Verne,Mundall,vmundall94@netlog.com,Male,207.68.190.28
330,Stuart,Lockhart,slockhart95@purevolume.com,Male,107.94.174.88
331,Olin,Erwin,oerwin96@wiley.com,Polygender,54.82.211.162
332,Chadd,Blais,cblais97@geocities.com,Male,233.202.255.183
333,Bank,Capey,bcapey98@redcross.org,Male,116.235.0.8
334,Wadsworth,Crollman,wcrollman99@usatoday.com,Male,188.21.55.176
335,Jo ann,Dabs,jdabs9a@theatlantic.com,Genderqueer,191.173.210.216
336,Karna,Cocklin,kcocklin9b@merriam-webster.com,Female,224.81.184.230
337,George,Menier,gmenier9c@cbslocal.com,Male,31.251.191.229
338,Salvidor,Francescone,sfrancescone9d@dion.ne.jp,Male,16.7.112.34
339,Aveline,Philippeaux,aphilippeaux9e@cmu.edu,Female,45.197.45.48
340,Sabine,Barlthrop,sbarlthrop9f@ustream.tv,Female,104.211.114.159
341,Damaris,Alvarado,dalvarado9g@techcrunch.com,Female,146.6.24.30
342,Nahum,Symcock,nsymcock9h@rediff.com,Male,60.72.150.251
343,Giulia,Ruegg,gruegg9i@nationalgeographic.com,Female,186.247.127.37
344,Scarface,Torrejon,storrejon9j@multiply.com,Male,98.69.144.176
345,Langsdon,Yearsley,lyearsley9k@blinklist.com,Male,148.233.178.204
346,Roberto,O'Longain,rolongain9l@youtube.com,Male,30.48.29.168
347,Haley,Longmuir,hlongmuir9m@fastcompany.com,Male,3.144.134.58
348,Curry,Gerdts,cgerdts9n@census.gov,Male,107.68.12.151
349,Cristi,Piwall,cpiwall9o@japanpost.jp,Female,17.129.71.171
350,Marlow,Penfold,mpenfold9p@ocn.ne.jp,Male,91.49.36.135
351,Raychel,Calender,rcalender9q@smh.com.au,Female,227.240.83.51
352,Gonzalo,Crothers,gcrothers9r@goo.ne.jp,Male,92.94.27.140
353,Dicky,Sheekey,dsheekey9s@zimbio.com,Male,11.82.63.8
354,Wilie,Jendas,wjendas9t@joomla.org,Genderqueer,161.112.97.129
355,Sebastien,Drayton,sdrayton9u@tinyurl.com,Male,218.248.241.255
356,Marjy,Skevington,mskevington9v@columbia.edu,Female,248.232.79.241
357,Frederica,Gossage,fgossage9w@meetup.com,Female,198.39.117.134
358,Brier,Binning,bbinning9x@forbes.com,Female,24.189.215.156
359,Kincaid,Reddy,kreddy9y@eventbrite.com,Male,159.27.190.116
360,Taddeo,MacIlriach,tmacilriach9z@cargocollective.com,Male,138.255.40.137
361,Christina,Lowerson,clowersona0@abc.net.au,Female,133.233.103.166
362,Sydney,Clothier,sclothiera1@google.cn,Female,82.87.10.120
363,Eadith,Tosh,etosha2@shinystat.com,Female,138.59.198.31
364,Renaldo,Albone,ralbonea3@rediff.com,Agender,73.134.49.130
365,L;urette,Dethloff,ldethloffa4@cafepress.com,Female,215.131.228.22
366,Blinnie,Diehn,bdiehna5@constantcontact.com,Bigender,153.65.160.116
367,Nadeen,Ousbie,nousbiea6@bloglovin.com,Agender,11.2.83.141
368,Eileen,Samett,esametta7@a8.net,Female,244.186.241.249
369,Randy,Whetson,rwhetsona8@geocities.com,Male,155.0.243.251
370,Bax,Jarvis,bjarvisa9@imageshack.us,Male,222.119.127.16
371,Kendra,Sworder,ksworderaa@free.fr,Female,139.30.172.191
372,Artus,Fearney,afearneyab@vk.com,Male,95.230.172.131
373,Lorianne,Fearne,lfearneac@nydailynews.com,Female,11.23.248.8
374,Ree,Kebell,rkebellad@feedburner.com,Female,160.34.244.131
375,Derrek,Pionter,dpionterae@reddit.com,Male,30.218.115.180
376,Whitney,O'Rafferty,woraffertyaf@washington.edu,Bigender,44.86.134.123
377,Aurel,Crossingham,acrossinghamag@who.int,Female,6.11.52.83
378,Paola,Gregori,pgregoriah@google.co.uk,Female,181.67.218.52
379,Walt,Whilder,wwhilderai@apple.com,Male,75.165.179.100
380,Augustine,Ossulton,aossultonaj@theatlantic.com,Female,105.10.215.229
381,Trefor,Fancourt,tfancourtak@ow.ly,Non-binary,252.142.224.222
382,Mikey,Kohler,mkohleral@buzzfeed.com,Male,153.232.22.84
383,Manny,Iacobacci,miacobacciam@alibaba.com,Male,64.35.91.114
384,Sanson,Grimsey,sgrimseyan@microsoft.com,Male,112.56.35.33
385,Kalvin,Duesberry,kduesberryao@army.mil,Male,203.197.36.144
386,Ram,Girkin,rgirkinap@google.co.uk,Male,248.136.134.68
387,Asa,Kalisz,akaliszaq@dropbox.com,Male,57.22.189.126
388,Pam,Lucock,plucockar@samsung.com,Female,193.209.137.207
389,Dominik,Dillestone,ddillestoneas@trellian.com,Male,165.247.178.199
390,Raynell,Breslane,rbreslaneat@desdev.cn,Female,66.109.40.4
391,Zena,Haythorn,zhaythornau@pcworld.com,Female,93.213.109.121
392,Whitaker,Bixley,wbixleyav@studiopress.com,Male,149.143.186.141
393,Fonsie,Goutcher,fgoutcheraw@bandcamp.com,Male,246.183.137.235
394,Ephrayim,Orsman,eorsmanax@buzzfeed.com,Male,89.0.80.160
395,Raff,Gilfillan,rgilfillanay@nydailynews.com,Male,22.162.197.153
396,Car,Scourgie,cscourgieaz@hc360.com,Male,78.148.214.45
397,Dorris,Georgelin,dgeorgelinb0@freewebs.com,Female,83.5.118.46
398,Roley,Harrigan,rharriganb1@seattletimes.com,Male,23.171.219.29
399,Arri,Timbrell,atimbrellb2@privacy.gov.au,Bigender,118.83.90.149
400,Olvan,Jobes,ojobesb3@amazon.de,Male,184.180.76.42
401,Jenelle,De Bischof,jdebischofb4@jiathis.com,Female,36.219.150.101
402,Orlan,Palfreman,opalfremanb5@opensource.org,Male,195.248.11.113
403,Gennifer,Mougin,gmouginb6@goo.gl,Female,76.48.221.103
404,Findlay,Fawcitt,ffawcittb7@macromedia.com,Male,226.138.155.53
405,Kevyn,Westrey,kwestreyb8@ibm.com,Female,209.186.160.39
406,Rosina,Gallegos,rgallegosb9@soundcloud.com,Female,92.43.223.164
407,Merill,Chieze,mchiezeba@nytimes.com,Male,97.115.203.8
408,Donielle,Andrejevic,dandrejevicbb@merriam-webster.com,Female,150.210.120.105
409,Tamara,Doby,tdobybc@spotify.com,Female,103.112.147.237
410,Ephraim,Iacovolo,eiacovolobd@opera.com,Male,95.156.163.6
411,Wynn,Sudlow,wsudlowbe@imdb.com,Female,68.14.89.151
412,Fransisco,Hardbattle,fhardbattlebf@webnode.com,Male,71.97.128.251
413,Corey,MacNeish,cmacneishbg@hao123.com,Female,118.55.40.157
414,Eldridge,Paddington,epaddingtonbh@symantec.com,Male,135.98.169.196
415,Ashly,Rannie,aranniebi@hao123.com,Female,204.233.179.174
416,Fitz,Rawcliffe,frawcliffebj@cocolog-nifty.com,Male,157.175.48.242
417,Nathaniel,MacNair,nmacnairbk@ifeng.com,Male,144.215.123.73
418,Alexa,Johansson,ajohanssonbl@seesaa.net,Female,234.95.211.16
419,Shawn,Itscowics,sitscowicsbm@yellowpages.com,Female,136.42.228.105
420,Conan,Essberger,cessbergerbn@smh.com.au,Male,249.159.222.82
421,Julee,Biner,jbinerbo@pcworld.com,Agender,131.186.141.12
422,Bronson,Staning,bstaningbp@samsung.com,Male,12.59.105.31
423,Nelson,Lots,nlotsbq@posterous.com,Male,154.90.43.171
424,Cassi,MacAne,cmacanebr@reverbnation.com,Female,146.95.146.14
425,Oralla,Haggas,ohaggasbs@exblog.jp,Genderqueer,253.32.216.137
426,Hilliard,Andryunin,handryuninbt@cnn.com,Male,228.212.205.42
427,Garv,Orum,gorumbu@amazon.com,Male,72.206.61.160
428,Maxine,Bartoszinski,mbartoszinskibv@weebly.com,Female,42.37.150.250
429,Abagail,Lawty,alawtybw@ox.ac.uk,Female,31.137.195.22
430,Teresina,Goodson,tgoodsonbx@e-recht24.de,Female,147.25.196.159
431,Evelina,Borghese,eborgheseby@amazon.de,Genderfluid,84.171.147.163
432,Benny,Paule,bpaulebz@ftc.gov,Female,85.153.54.227
433,Tom,Scherme,tschermec0@cisco.com,Male,154.119.132.4
434,Alene,Hutcheon,ahutcheonc1@odnoklassniki.ru,Female,121.142.126.27
435,Maddie,Durbann,mdurbannc2@dion.ne.jp,Female,21.29.186.215
436,Terri,Durand,tdurandc3@simplemachines.org,Male,116.64.248.159
437,Eachelle,Edeler,eedelerc4@google.com.au,Female,14.68.92.14
438,Gardie,Grzeszczyk,ggrzeszczykc5@japanpost.jp,Male,210.100.236.136
439,Ines,Paunton,ipauntonc6@prlog.org,Female,59.120.16.112
440,Selia,Henmarsh,shenmarshc7@topsy.com,Female,247.229.92.82
441,Bernete,Slavin,bslavinc8@tamu.edu,Non-binary,67.253.31.63
442,Virginia,Orto,vortoc9@google.fr,Female,180.33.187.247
443,Tandy,Kerton,tkertonca@histats.com,Female,107.128.202.53
444,Obediah,Luckcock,oluckcockcb@soup.io,Male,255.64.180.72
445,Doy,Bourrel,dbourrelcc@bandcamp.com,Male,128.17.226.12
446,Nerissa,Georgeson,ngeorgesoncd@i2i.jp,Female,219.116.21.119
447,Lockwood,Boshere,lbosherece@businessinsider.com,Male,154.253.28.120
448,Jemimah,Loughney,jloughneycf@goo.ne.jp,Female,243.251.248.245
449,Vernon,Edbrooke,vedbrookecg@phoca.cz,Male,221.106.128.205
450,Emilie,Lelande,elelandech@nsw.gov.au,Female,73.58.124.228
451,Toiboid,Starrs,tstarrsci@soup.io,Agender,170.180.85.23
452,Forster,Woodroof,fwoodroofcj@cargocollective.com,Male,218.124.232.166
453,Editha,Allebone,ealleboneck@chronoengine.com,Female,37.1.81.168
454,Isadore,Maxweell,imaxweellcl@ebay.co.uk,Male,46.208.30.222
455,Leopold,Smethurst,lsmethurstcm@cbsnews.com,Male,73.119.88.19
456,Morton,Rayson,mraysoncn@netlog.com,Male,66.85.44.125
457,Corissa,Fruen,cfruenco@huffingtonpost.com,Genderfluid,55.118.160.143
458,Jenna,Cashley,jcashleycp@csmonitor.com,Female,22.241.162.205
459,Zebulen,Bilovus,zbilovuscq@yandex.ru,Agender,100.53.40.237
460,Rudolf,Imorts,rimortscr@adobe.com,Male,200.141.20.127
461,Redd,Swiffen,rswiffencs@smugmug.com,Male,176.52.46.107
462,Elnar,MacVanamy,emacvanamyct@umn.edu,Male,174.174.31.78
463,Tildy,Gagg,tgaggcu@wired.com,Female,245.154.195.18
464,Zackariah,Kenwell,zkenwellcv@ehow.com,Male,0.130.236.89
465,Xena,McRory,xmcrorycw@amazon.com,Female,230.25.198.252
466,Boonie,Samarth,bsamarthcx@ftc.gov,Male,110.78.58.24
467,Lovell,Dods,ldodscy@dagondesign.com,Male,176.12.69.193
468,Annabell,Gumbley,agumbleycz@com.com,Female,149.28.86.119
469,Grace,Januszkiewicz,gjanuszkiewiczd0@zdnet.com,Female,154.134.240.173
470,Ethelbert,Muldrew,emuldrewd1@friendfeed.com,Agender,86.56.214.180
471,Jeno,Cobbin,jcobbind2@prnewswire.com,Male,174.31.88.151
472,Felicia,Noirel,fnoireld3@sitemeter.com,Female,207.105.216.186
473,Pandora,O'Dea,podead4@gmpg.org,Female,244.14.139.160
474,Winnie,Spuffard,wspuffardd5@paginegialle.it,Female,178.193.214.98
475,Hurley,Gration,hgrationd6@4shared.com,Male,251.63.231.121
476,Rici,Giblett,rgiblettd7@friendfeed.com,Female,76.41.142.52
477,Virgie,Fearne,vfearned8@adobe.com,Male,30.48.131.58
478,Eduard,Cardiff,ecardiffd9@github.io,Agender,78.172.79.226
479,Tades,Lascell,tlascellda@youku.com,Male,115.7.122.108
480,Kelcie,Matteau,kmatteaudb@cnbc.com,Female,177.85.25.107
481,Henderson,Brimmell,hbrimmelldc@wsj.com,Male,187.95.180.242
482,Daffie,Pescud,dpescuddd@mayoclinic.com,Female,106.88.104.221
483,Marcos,Rupert,mrupertde@163.com,Male,19.227.192.197
484,Zorina,Brushneen,zbrushneendf@instagram.com,Agender,136.26.229.72
485,Quincey,Chesney,qchesneydg@yolasite.com,Male,61.37.251.159
486,Phil,Wratten,pwrattendh@icq.com,Polygender,71.193.221.164
487,Jens,Weblin,jweblindi@mac.com,Male,70.122.153.164
488,Emmalynn,Rapo,erapodj@odnoklassniki.ru,Female,31.182.65.165
489,Niels,Huccaby,nhuccabydk@hc360.com,Male,219.47.20.129
490,Dmitri,Goodbur,dgoodburdl@guardian.co.uk,Male,192.242.6.93
491,Allan,Filipowicz,afilipowiczdm@kickstarter.com,Non-binary,136.81.241.181
492,Claiborn,Huikerby,chuikerbydn@msu.edu,Male,122.140.169.230
493,Karl,Bootell,kbootelldo@netlog.com,Male,141.237.51.136
494,Dulcinea,Poon,dpoondp@fema.gov,Female,109.114.32.161
495,Faustina,Dwine,fdwinedq@patch.com,Female,67.16.23.203
496,Care,Boshers,cboshersdr@comcast.net,Male,216.190.141.154
497,Wilona,Lowndesbrough,wlowndesbroughds@twitter.com,Female,199.54.83.239
498,Kaine,McKune,kmckunedt@feedburner.com,Male,114.37.165.70
499,Dalila,Lightoller,dlightollerdu@wikispaces.com,Female,148.174.13.172
500,Padraig,Lethlay,plethlaydv@privacy.gov.au,Male,206.102.13.175
501,Daffy,Scowcraft,dscowcraftdw@icq.com,Female,7.144.126.108
502,Matt,Ancell,mancelldx@example.com,Male,100.148.77.215
503,Reggie,Grogor,rgrogordy@sogou.com,Male,152.2.136.28
504,Malvin,Schrir,mschrirdz@drupal.org,Male,37.166.179.31
505,Feodor,Montel,fmontele0@fema.gov,Male,133.241.137.64
506,Ashby,Chander,achandere1@uiuc.edu,Male,220.142.37.8
507,Ferdinanda,Reason,freasone2@sciencedirect.com,Female,61.144.139.109
508,Ally,Darthe,adarthee3@flickr.com,Female,216.161.9.30
509,Judah,Estable,jestablee4@1und1.de,Male,194.43.146.8
510,Arabel,Backshell,abackshelle5@icio.us,Female,25.100.178.78
511,Georgianna,Hanne,ghannee6@ted.com,Female,33.145.78.38
512,Donnajean,Itzkovich,ditzkoviche7@bing.com,Female,241.58.167.77
513,Fielding,Inglese,finglesee8@phoca.cz,Male,1.66.70.163
514,Kiel,Nott,knotte9@yandex.ru,Male,177.207.40.57
515,Pearl,Roalfe,proalfeea@ifeng.com,Female,247.90.83.34
516,Conny,Dmisek,cdmisekeb@theglobeandmail.com,Female,22.181.191.139
517,Cassius,Rapper,crapperec@virginia.edu,Male,229.56.173.212
518,Lawrence,Milleton,lmilletoned@multiply.com,Male,48.127.63.134
519,Xerxes,Jandera,xjanderaee@zimbio.com,Male,190.113.238.49
520,Franklyn,Vanstone,fvanstoneef@jigsy.com,Male,100.27.227.76
521,Jordan,Corneljes,jcorneljeseg@tmall.com,Female,106.38.36.239
522,Jody,McPeeters,jmcpeeterseh@chronoengine.com,Male,247.240.171.63
523,Jeffry,Girdlestone,jgirdlestoneei@i2i.jp,Male,54.199.160.54
524,Tamiko,Seeman,tseemanej@flickr.com,Female,71.4.66.49
525,Orlando,Gilliland,ogillilandek@plala.or.jp,Agender,206.237.7.9
526,Doroteya,Preene,dpreeneel@rambler.ru,Female,0.52.244.158
527,Zared,Robers,zrobersem@imdb.com,Male,171.7.122.67
528,Darlleen,Sally,dsallyen@alibaba.com,Female,82.69.33.23
529,Torie,Haskey,thaskeyeo@zimbio.com,Female,251.179.26.168
530,Agace,L'Homme,alhommeep@nih.gov,Genderfluid,22.90.81.79
531,Celestine,Mc Cahey,cmccaheyeq@ox.ac.uk,Female,230.35.68.195
532,Nessie,Trighton,ntrightoner@dot.gov,Female,224.121.14.6
533,Gran,Ruskin,gruskines@icq.com,Male,219.187.23.122
534,Margaretha,Deaconson,mdeaconsonet@friendfeed.com,Female,177.114.1.11
535,Alaric,Lade,aladeeu@liveinternet.ru,Male,217.228.77.56
536,Wernher,Ramiro,wramiroev@forbes.com,Male,195.162.161.19
537,Laurent,Patman,lpatmanew@icq.com,Male,191.193.227.237
538,Veriee,Emtage,vemtageex@skype.com,Female,180.232.233.190
539,Hillard,Malec,hmalecey@cisco.com,Male,167.148.160.109
540,Andreana,Hildrew,ahildrewez@foxnews.com,Female,187.176.248.164
541,Ivar,Belamy,ibelamyf0@theglobeandmail.com,Male,252.25.47.155
542,Shanon,Ingre,singref1@springer.com,Female,9.213.164.23
543,Ernst,Burdge,eburdgef2@digg.com,Male,207.212.10.225
544,Edouard,Wixey,ewixeyf3@soundcloud.com,Male,27.57.184.110
545,Germaine,Galway,ggalwayf4@ted.com,Female,84.252.76.193
546,Stafford,Canning,scanningf5@1und1.de,Non-binary,166.143.173.245
547,Hernando,Wehden,hwehdenf6@bluehost.com,Male,39.90.210.169
548,Olva,Holliar,oholliarf7@biblegateway.com,Female,241.252.4.197
549,Sharleen,Feaveer,sfeaveerf8@rediff.com,Female,91.23.239.100
550,Darwin,Backe,dbackef9@cyberchimps.com,Genderqueer,205.174.48.169
551,Bord,Sherwyn,bsherwynfa@newyorker.com,Male,87.129.154.50
552,Lilllie,Gonthard,lgonthardfb@miitbeian.gov.cn,Female,32.220.167.250
553,Hyman,Shinn,hshinnfc@blog.com,Male,144.69.117.8
554,Clayson,Cockland,ccocklandfd@hubpages.com,Male,91.247.74.250
555,Shelli,Farr,sfarrfe@smh.com.au,Female,39.91.174.80
556,Eduardo,Ponnsett,eponnsettff@weebly.com,Male,75.228.66.15
557,Ely,Fahrenbacher,efahrenbacherfg@dailymotion.com,Male,40.201.116.12
558,Cyb,Tinkler,ctinklerfh@yahoo.co.jp,Female,127.252.133.128
559,Rodolph,Topping,rtoppingfi@washington.edu,Male,127.239.123.89
560,Dulcia,Swaden,dswadenfj@behance.net,Female,19.54.188.241
561,Mareah,Scamal,mscamalfk@weather.com,Female,255.77.5.7
562,Reynold,O'Corr,rocorrfl@noaa.gov,Male,107.115.251.69
563,Lizzy,Foord,lfoordfm@wordpress.com,Female,131.222.228.3
564,Celeste,O'Hartnedy,cohartnedyfn@bluehost.com,Female,112.103.82.180
565,Petronia,Abel,pabelfo@cornell.edu,Female,44.40.66.164
566,Zed,Finders,zfindersfp@webnode.com,Male,143.66.251.215
567,Ronny,Bartel,rbartelfq@nasa.gov,Female,203.254.108.90
568,Annie,Hatfield,ahatfieldfr@linkedin.com,Female,192.49.168.154
569,Olvan,Huett,ohuettfs@engadget.com,Male,215.184.2.199
570,Raimondo,D'Elias,rdeliasft@nsw.gov.au,Male,102.76.120.112
571,Jerrylee,Swanson,jswansonfu@yellowbook.com,Female,164.91.116.206
572,Hoebart,Jeger,hjegerfv@craigslist.org,Male,110.241.145.225
573,Darline,Loosmore,dloosmorefw@arstechnica.com,Female,228.134.132.112
574,Arabelle,Summerlad,asummerladfx@un.org,Female,93.243.245.41
575,Beauregard,Trengrove,btrengrovefy@myspace.com,Genderqueer,209.73.44.78
576,Ofelia,Lemmer,olemmerfz@toplist.cz,Non-binary,95.0.177.93
577,Portie,Duffield,pduffieldg0@tuttocitta.it,Male,145.93.119.15
578,Sunny,Joderli,sjoderlig1@cnn.com,Male,84.45.172.48
579,Merell,Redhole,mredholeg2@hc360.com,Male,132.21.175.147
580,Kristoffer,Krzysztof,kkrzysztofg3@1688.com,Male,26.233.60.216
581,Duff,Wyllis,dwyllisg4@sohu.com,Male,78.86.144.32
582,Brew,Sleaford,bsleafordg5@newyorker.com,Male,31.108.24.88
583,Giselle,Befroy,gbefroyg6@twitpic.com,Female,189.28.160.103
584,Flem,Sympson,fsympsong7@smh.com.au,Male,5.143.114.212
585,Upton,Forward,uforwardg8@nydailynews.com,Male,193.37.244.65
586,Wait,Cutajar,wcutajarg9@biblegateway.com,Bigender,35.50.25.16
587,Anderea,Penbarthy,apenbarthyga@mapy.cz,Female,129.195.116.205
588,Cara,Tute,ctutegb@ca.gov,Genderqueer,208.24.51.123
589,Javier,Kalkhoven,jkalkhovengc@fastcompany.com,Male,42.176.245.112
590,Ozzie,Lilleyman,olilleymangd@techcrunch.com,Male,226.29.136.240
591,Ardys,M'Quhan,amquhange@a8.net,Female,123.123.44.63
592,Mignonne,Bewsy,mbewsygf@php.net,Female,181.45.191.137
593,Laurel,Berthod,lberthodgg@businesswire.com,Female,251.165.127.246
594,Kurtis,Scanlan,kscanlangh@surveymonkey.com,Male,244.137.187.233
595,Toby,Currer,tcurrergi@jiathis.com,Female,211.60.45.195
596,Kearney,Reddecliffe,kreddecliffegj@dion.ne.jp,Male,170.3.189.176
597,Anny,Daintier,adaintiergk@usnews.com,Female,6.66.192.224
598,Alf,Mancer,amancergl@youtube.com,Male,139.174.60.201
599,Mitchael,Lushey,mlusheygm@blogspot.com,Male,162.171.28.6
600,Margette,O'Hickey,mohickeygn@nasa.gov,Female,15.148.89.219
601,Wiatt,Huke,whukego@intel.com,Male,51.156.70.48
602,Theda,Cassel,tcasselgp@accuweather.com,Female,113.182.215.125
603,Clovis,Trotter,ctrottergq@house.gov,Female,109.184.158.79
604,Kalil,Orange,korangegr@ft.com,Male,5.128.241.45
605,Vivyan,Yeskin,vyeskings@usa.gov,Female,55.186.34.4
606,Ivett,Cicchitello,icicchitellogt@360.cn,Female,1.108.109.45
607,Paula,Bradly,pbradlygu@posterous.com,Female,189.240.63.134
608,Oates,Paszak,opaszakgv@multiply.com,Male,74.73.60.139
609,Clareta,Devers,cdeversgw@usnews.com,Female,102.30.161.32
610,Ally,Dummer,adummergx@t-online.de,Female,186.191.175.188
611,Fraser,Ettritch,fettritchgy@angelfire.com,Male,53.249.172.148
612,Alethea,Deroche,aderochegz@miibeian.gov.cn,Female,202.112.63.134
613,Nehemiah,Brockett,nbrocketth0@engadget.com,Male,168.56.229.166
614,Dix,Denison,ddenisonh1@opensource.org,Female,197.237.97.78
615,Andrew,Trippick,atrippickh2@adobe.com,Male,203.1.231.221
616,Viva,Stubbings,vstubbingsh3@cargocollective.com,Female,113.64.75.244
617,Kessia,De Paoli,kdepaolih4@reference.com,Polygender,170.92.206.78
618,Avery,Dacca,adaccah5@miitbeian.gov.cn,Male,7.203.14.125
619,Paolina,Lammiman,plammimanh6@1688.com,Polygender,0.198.17.73
620,Zebadiah,Trowsdall,ztrowsdallh7@edublogs.org,Bigender,184.52.129.126
621,Malvin,Fice,mficeh8@topsy.com,Male,143.203.133.203
622,Cheston,Archibald,carchibaldh9@google.fr,Polygender,77.84.192.225
623,Piper,Thurstance,pthurstanceha@digg.com,Female,96.122.140.253
624,Carin,Clucas,cclucashb@istockphoto.com,Female,182.52.251.96
625,Jodee,Chinn,jchinnhc@ft.com,Female,154.44.169.3
626,Elsworth,MacCafferky,emaccafferkyhd@delicious.com,Male,228.227.2.61
627,Ives,Bruineman,ibruinemanhe@t.co,Male,169.192.196.240
628,Edmund,Hodinton,ehodintonhf@livejournal.com,Male,217.233.125.53
629,Tobias,Berthe,tberthehg@google.pl,Male,36.177.195.107
630,Lizabeth,Renols,lrenolshh@amazonaws.com,Female,174.14.239.196
631,Trescha,Digginson,tdigginsonhi@nih.gov,Female,7.102.154.220
632,Paige,Beacon,pbeaconhj@myspace.com,Male,200.67.54.60
633,Ethelbert,Tickel,etickelhk@china.com.cn,Male,135.192.24.53
634,Carolin,Witt,cwitthl@sbwire.com,Bigender,240.159.123.169
635,Naomi,Ducarne,nducarnehm@hexun.com,Female,191.241.107.7
636,Merola,Beldam,mbeldamhn@printfriendly.com,Female,53.48.196.220
637,Eugenia,Tale,etaleho@wikispaces.com,Female,26.85.179.56
638,Perl,Maving,pmavinghp@topsy.com,Female,28.0.35.125
639,Jennie,Dunk,jdunkhq@vistaprint.com,Bigender,220.95.165.207
640,Katheryn,Snepp,ksnepphr@apache.org,Female,99.167.93.84
641,Lindsay,Menichillo,lmenichillohs@dropbox.com,Male,55.100.201.105
642,Bunny,Halcro,bhalcroht@seattletimes.com,Female,169.160.44.28
643,Sascha,Christaeas,schristaeashu@ihg.com,Male,138.87.251.113
644,Floyd,Kendell,fkendellhv@vkontakte.ru,Male,231.236.114.157
645,Sky,Ziem,sziemhw@etsy.com,Male,51.88.239.228
646,Wendell,Jackalin,wjackalinhx@ibm.com,Male,124.210.112.46
647,Vic,Davidai,vdavidaihy@ftc.gov,Male,29.163.197.81
648,Raquela,O'Ruane,roruanehz@wikia.com,Female,120.98.97.214
649,Dorian,Fonso,dfonsoi0@cdc.gov,Male,131.28.123.248
650,Danell,Hemphrey,dhemphreyi1@ocn.ne.jp,Female,110.106.174.162
651,Annabella,Rickford,arickfordi2@bloomberg.com,Bigender,248.219.86.139
652,Liuka,Levis,llevisi3@nymag.com,Female,181.225.97.48
653,Pansy,Shergold,pshergoldi4@moonfruit.com,Female,177.159.108.166
654,Joellen,Brayshaw,jbrayshawi5@un.org,Female,83.253.248.160
655,Karim,Bushel,kbusheli6@ucsd.edu,Male,101.131.148.233
656,Sandro,Wimpenny,swimpennyi7@dagondesign.com,Male,246.65.230.189
657,Ertha,Izakson,eizaksoni8@homestead.com,Female,54.127.34.212
658,Brennen,Gobeau,bgobeaui9@slate.com,Male,38.64.64.32
659,Dalis,Bussens,dbussensia@opera.com,Male,114.255.145.15
660,Peirce,Escreet,pescreetib@unc.edu,Male,137.127.254.131
661,Frankie,Crabb,fcrabbic@ebay.co.uk,Male,159.69.0.174
662,Nappy,Kless,nklessid@nymag.com,Male,21.45.216.140
663,Abbe,Flecknoe,aflecknoeie@gov.uk,Non-binary,43.189.27.108
664,Joya,Dirand,jdirandif@naver.com,Female,1.184.169.209
665,Ezekiel,Lawrie,elawrieig@cbslocal.com,Male,212.196.77.7
666,Hinze,Ranns,hrannsih@digg.com,Male,52.15.178.95
667,Ephrayim,Giovanni,egiovanniii@google.com.br,Male,19.100.138.33
668,Rolf,Jirus,rjirusij@last.fm,Male,85.231.63.197
669,Bert,Francesc,bfrancescik@wired.com,Male,251.28.244.87
670,Josie,Carlan,jcarlanil@hhs.gov,Female,23.144.93.121
671,Gretchen,Sothern,gsothernim@bandcamp.com,Polygender,147.82.67.48
672,Gloria,Rickell,grickellin@scribd.com,Female,20.68.144.185
673,Julienne,Glashby,jglashbyio@umn.edu,Female,253.159.48.236
674,Fredek,Sickamore,fsickamoreip@about.com,Bigender,229.155.78.170
675,Orsola,Norledge,onorledgeiq@ustream.tv,Female,20.28.196.243
676,Garvin,Darnbrough,gdarnbroughir@chron.com,Male,45.129.249.231
677,Sileas,Rosenkranc,srosenkrancis@technorati.com,Female,254.137.10.201
678,Camey,McCrann,cmccrannit@paypal.com,Male,48.236.203.216
679,Ly,Bosomworth,lbosomworthiu@flavors.me,Male,72.254.193.72
680,Roxanne,Wraith,rwraithiv@about.com,Agender,215.240.22.44
681,Latrina,Hamley,lhamleyiw@walmart.com,Female,185.52.216.180
682,Eadmund,Upchurch,eupchurchix@ustream.tv,Male,185.18.71.68
683,Gerri,Pratte,gpratteiy@pbs.org,Male,50.118.254.64
684,Dorie,Goshawke,dgoshawkeiz@dmoz.org,Male,225.215.11.101
685,Dominick,Lockhurst,dlockhurstj0@artisteer.com,Male,195.152.193.228
686,Bennie,Skace,bskacej1@opera.com,Male,218.154.44.59
687,Willetta,Klimkowski,wklimkowskij2@youtu.be,Female,185.91.172.129
688,Nicky,Kairns,nkairnsj3@dedecms.com,Female,55.9.101.136
689,Steward,Roseby,srosebyj4@domainmarket.com,Male,9.238.146.165
690,Del,MacAree,dmacareej5@rediff.com,Male,138.250.87.178
691,Kevon,Denson,kdensonj6@pbs.org,Male,244.102.175.30
692,Gunner,Benion,gbenionj7@123-reg.co.uk,Male,14.129.225.175
693,Clarinda,Ginman,cginmanj8@comcast.net,Female,240.212.164.95
694,Kelli,Wibrew,kwibrewj9@ehow.com,Female,192.61.237.98
695,Kingsley,Ilymanov,kilymanovja@mapquest.com,Male,56.193.176.64
696,Dawn,Engeham,dengehamjb@gravatar.com,Female,211.234.73.253
697,Rudiger,Ilett,rilettjc@bbb.org,Male,131.237.189.234
698,Bettine,Burdas,bburdasjd@wikipedia.org,Female,154.29.129.93
699,Joleen,Follos,jfollosje@issuu.com,Female,75.196.167.97
700,Dix,Alberti,dalbertijf@photobucket.com,Female,22.103.86.15
701,Isabeau,Szanto,iszantojg@umn.edu,Female,202.224.230.253
702,Danya,Molden,dmoldenjh@deliciousdays.com,Male,228.172.204.212
703,Jannel,Hartzog,jhartzogji@hao123.com,Female,96.199.189.10
704,Joelle,Billo,jbillojj@cnbc.com,Female,239.49.39.252
705,Lesly,Trustie,ltrustiejk@bloomberg.com,Female,102.35.142.197
706,Shelba,Mifflin,smifflinjl@utexas.edu,Female,102.237.38.168
707,Even,Cruickshanks,ecruickshanksjm@addtoany.com,Male,78.254.243.90
708,Juieta,Ivimy,jivimyjn@wp.com,Female,247.241.255.172
709,Ilysa,Bernath,ibernathjo@angelfire.com,Female,52.152.146.126
710,Ariadne,Messitt,amessittjp@europa.eu,Genderqueer,148.2.228.66
711,Nataniel,Yannoni,nyannonijq@toplist.cz,Male,174.188.149.116
712,Jobye,Longfut,jlongfutjr@gmpg.org,Female,54.243.42.162
713,Aloysia,Moulster,amoulsterjs@nps.gov,Female,154.26.250.166
714,Alleyn,Corke,acorkejt@networksolutions.com,Male,109.98.173.145
715,Werner,Ewbanke,wewbankeju@ucla.edu,Male,27.28.69.101
716,Hernando,Mager,hmagerjv@webmd.com,Male,152.115.89.76
717,Phedra,Balcon,pbalconjw@mac.com,Female,217.195.231.70
718,Johna,Rosborough,jrosboroughjx@topsy.com,Female,1.164.27.95
719,Major,Prattington,mprattingtonjy@timesonline.co.uk,Male,3.186.128.93
720,Jarrid,Sivill,jsivilljz@php.net,Genderfluid,247.103.114.138
721,Gaby,Creagh,gcreaghk0@ameblo.jp,Female,60.40.196.189
722,Naoma,Babar,nbabark1@digg.com,Female,215.182.132.103
723,Evelyn,Heffron,eheffronk2@tmall.com,Male,119.88.147.95
724,Talya,Starmore,tstarmorek3@opensource.org,Female,145.252.118.5
725,Bronson,Woolfoot,bwoolfootk4@statcounter.com,Male,112.124.59.138
726,Biron,Brettor,bbrettork5@cbslocal.com,Male,234.91.210.71
727,Benji,Dossetter,bdossetterk6@google.de,Male,37.64.187.73
728,Allistir,Royle,aroylek7@sakura.ne.jp,Male,234.215.176.208
729,Christoph,Bellingham,cbellinghamk8@prnewswire.com,Male,122.31.76.235
730,Megen,Del Castello,mdelcastellok9@mozilla.org,Female,61.194.5.8
731,Darda,Grivori,dgrivorika@cocolog-nifty.com,Female,55.64.108.188
732,Mada,Crook,mcrookkb@epa.gov,Female,191.233.245.48
733,Lavinia,Beamiss,lbeamisskc@wikia.com,Female,56.24.95.158
734,Karney,Poytres,kpoytreskd@whitehouse.gov,Male,183.9.246.28
735,Constance,Kits,ckitske@cpanel.net,Bigender,45.117.15.231
736,Dean,Ridsdell,dridsdellkf@icq.com,Male,171.221.84.186
737,Dur,Soall,dsoallkg@gnu.org,Male,197.121.79.201
738,Sheilah,Cann,scannkh@usatoday.com,Female,6.155.80.207
739,Ceil,Pendrill,cpendrillki@myspace.com,Female,11.236.114.174
740,Jamal,Esparza,jesparzakj@comsenz.com,Male,196.116.102.206
741,Remington,Hubert,rhubertkk@java.com,Male,152.245.201.12
742,Howard,O'Hoolahan,hohoolahankl@360.cn,Male,247.232.191.131
743,Gannie,Bletsoe,gbletsoekm@bbc.co.uk,Male,67.165.51.5
744,Julius,Iliff,jiliffkn@slate.com,Polygender,107.252.252.107
745,Sally,Copestick,scopestickko@tiny.cc,Female,201.89.108.23
746,Morganica,Calleja,mcallejakp@hibu.com,Female,35.237.91.180
747,Demetrius,Penrose,dpenrosekq@ed.gov,Polygender,161.21.202.215
748,Yolanda,MacPhee,ymacpheekr@icio.us,Female,148.22.245.113
749,Willem,Mussalli,wmussalliks@fotki.com,Male,196.176.33.112
750,Had,Bartczak,hbartczakkt@360.cn,Male,104.167.14.216
751,Quentin,Grzeszczyk,qgrzeszczykku@spiegel.de,Male,207.191.126.231
752,Welsh,Local,wlocalkv@php.net,Agender,230.244.109.106
753,Lilllie,Liebmann,lliebmannkw@intel.com,Female,203.118.148.86
754,Bill,Childe,bchildekx@yahoo.co.jp,Female,140.2.193.86
755,Abey,Austins,aaustinsky@cafepress.com,Male,48.153.230.18
756,Earle,MacMichael,emacmichaelkz@geocities.jp,Genderfluid,180.174.48.46
757,Hildegarde,Pinare,hpinarel0@miibeian.gov.cn,Female,34.143.113.33
758,Bentlee,Gibson,bgibsonl1@alibaba.com,Male,60.99.22.119
759,Calypso,Isitt,cisittl2@people.com.cn,Female,229.195.59.112
760,Vale,Hould,vhouldl3@bloglovin.com,Female,128.251.79.78
761,Meris,Berridge,mberridgel4@discovery.com,Genderqueer,103.23.96.148
762,Marigold,Coaster,mcoasterl5@amazon.com,Female,115.183.4.151
763,Janetta,Ingarfield,jingarfieldl6@mapy.cz,Female,116.88.105.64
764,Ludvig,Pendered,lpenderedl7@altervista.org,Male,90.122.58.102
765,Gabie,O'Spellissey,gospellisseyl8@acquirethisname.com,Male,214.140.229.63
766,Berne,Tozer,btozerl9@google.ru,Male,246.122.203.152
767,Eustace,Persich,epersichla@woothemes.com,Male,40.234.147.103
768,Barry,Gresser,bgresserlb@newsvine.com,Female,110.12.211.11
769,Madalena,Kenforth,mkenforthlc@moonfruit.com,Female,99.41.14.173
770,Shep,Nuemann,snuemannld@biglobe.ne.jp,Male,87.59.159.214
771,Omero,Kenwood,okenwoodle@mapquest.com,Male,239.44.53.153
772,Liz,Behnecken,lbehneckenlf@bloomberg.com,Female,2.194.82.182
773,Carmelina,Smitheram,csmitheramlg@unc.edu,Female,184.27.214.176
774,Marchall,Lestor,mlestorlh@acquirethisname.com,Male,252.114.153.18
775,Vick,Cambling,vcamblingli@state.gov,Male,138.111.118.214
776,Erina,Bellsham,ebellshamlj@networksolutions.com,Female,73.157.153.173
777,Roddie,Fuke,rfukelk@plala.or.jp,Male,91.215.227.119
778,Di,Woolveridge,dwoolveridgell@mapy.cz,Female,170.146.75.77
779,Sibylle,Droghan,sdroghanlm@miibeian.gov.cn,Female,218.107.16.117
780,Kevina,Darch,kdarchln@diigo.com,Polygender,109.187.85.179
781,Maryrose,Butter,mbutterlo@over-blog.com,Genderqueer,244.19.43.77
782,Gherardo,Aronstein,garonsteinlp@unblog.fr,Male,28.200.164.54
783,Aggi,Long,alonglq@163.com,Female,165.206.65.247
784,Celesta,Marchbank,cmarchbanklr@bandcamp.com,Female,65.116.253.121
785,Claybourne,Vasse,cvassels@webeden.co.uk,Male,103.57.25.97
786,Marline,Abela,mabelalt@csmonitor.com,Female,242.97.76.37
787,Ivette,Pechold,ipecholdlu@dropbox.com,Female,248.49.157.84
788,Barnie,Willbraham,bwillbrahamlv@sphinn.com,Male,40.46.249.182
789,Barbara,Antonchik,bantonchiklw@example.com,Genderqueer,24.122.45.70
790,Hedi,Sefton,hseftonlx@earthlink.net,Female,151.110.178.51
791,Reilly,MacRorie,rmacroriely@meetup.com,Male,72.249.103.21
792,Aluino,Gallifont,agallifontlz@spotify.com,Genderqueer,228.99.141.252
793,Fiona,Cowperthwaite,fcowperthwaitem0@shop-pro.jp,Genderqueer,243.192.147.77
794,Parrnell,Favey,pfaveym1@usatoday.com,Male,234.117.182.96
795,Fitz,Millsom,fmillsomm2@theglobeandmail.com,Male,204.179.154.243
796,Opalina,Rouby,oroubym3@reverbnation.com,Female,240.15.81.92
797,Adrian,Cham,achamm4@blogger.com,Male,196.184.195.50
798,Reinwald,Durham,rdurhamm5@gov.uk,Male,233.58.118.197
799,Janos,Widdecombe,jwiddecombem6@yolasite.com,Genderqueer,91.10.208.122
800,Joel,Mouan,jmouanm7@ox.ac.uk,Male,12.245.53.148
801,Susi,Smidmore,ssmidmorem8@constantcontact.com,Female,45.72.6.18
802,Hyacinth,Sander,hsanderm9@gizmodo.com,Female,119.119.167.93
803,Ingelbert,Webling,iweblingma@merriam-webster.com,Genderfluid,155.219.235.135
804,Madelin,Heaton,mheatonmb@redcross.org,Female,195.155.77.248
805,Terencio,Morrant,tmorrantmc@ameblo.jp,Male,98.68.166.43
806,Therine,Preddle,tpreddlemd@slashdot.org,Female,92.116.111.150
807,Jeno,Wheeldon,jwheeldonme@ebay.co.uk,Male,48.236.206.191
808,Caz,Muslim,cmuslimmf@digg.com,Male,230.212.228.214
809,Ilysa,McKechnie,imckechniemg@hc360.com,Female,167.87.81.165
810,Jacobo,Battin,jbattinmh@multiply.com,Male,193.253.208.78
811,Kermy,Gorriessen,kgorriessenmi@state.tx.us,Male,139.116.75.35
812,Sheryl,Spincks,sspincksmj@mit.edu,Non-binary,75.117.67.159
813,Sully,Merredy,smerredymk@unesco.org,Genderfluid,242.109.50.202
814,Jarid,Hordell,jhordellml@yandex.ru,Male,89.42.132.140
815,Adrian,Hartigan,ahartiganmm@hubpages.com,Male,218.111.23.90
816,Eberto,Dorkins,edorkinsmn@surveymonkey.com,Male,96.237.201.196
817,Ripley,Woolmer,rwoolmermo@biblegateway.com,Male,210.49.233.223
818,Julie,Shimman,jshimmanmp@sakura.ne.jp,Male,197.79.37.62
819,Kania,Motto,kmottomq@t-online.de,Genderqueer,43.224.96.235
820,Husein,Kubica,hkubicamr@geocities.com,Male,17.204.41.96
821,Sula,Hassan,shassanms@europa.eu,Female,170.51.50.97
822,Kati,Kaspar,kkasparmt@newyorker.com,Female,8.34.146.36
823,Ruthanne,Cohen,rcohenmu@umn.edu,Agender,75.247.106.127
824,Avery,Menichi,amenichimv@hugedomains.com,Male,252.135.178.37
825,Lind,Sandy,lsandymw@smugmug.com,Female,134.58.107.48
826,Wilfred,O'Scanlan,woscanlanmx@wisc.edu,Male,164.131.158.185
827,Waverly,Shermar,wshermarmy@merriam-webster.com,Polygender,31.244.28.216
828,Doralia,Luxen,dluxenmz@ovh.net,Female,144.141.176.207
829,Lula,Grzeskowski,lgrzeskowskin0@technorati.com,Agender,112.213.73.162
830,Elianore,Skerman,eskermann1@opensource.org,Female,135.29.254.148
831,Gillan,Wilsher,gwilshern2@4shared.com,Female,167.135.166.226
832,Nefen,Probbin,nprobbinn3@blogtalkradio.com,Genderqueer,27.163.70.250
833,Leona,Bendel,lbendeln4@npr.org,Female,249.45.206.33
834,Jacquie,Harteley,jharteleyn5@rambler.ru,Female,121.183.149.240
835,Beret,Waymont,bwaymontn6@ucsd.edu,Female,32.179.138.84
836,Tandie,Varcoe,tvarcoen7@cdc.gov,Female,246.6.155.131
837,Tatiania,Raffan,traffann8@1688.com,Female,16.175.111.225
838,Gradey,Catcherside,gcatchersiden9@4shared.com,Male,126.137.71.98
839,Amitie,Moreinis,amoreinisna@constantcontact.com,Female,157.130.94.38
840,Lynnett,Petera,lpeteranb@google.pl,Female,26.127.37.241
841,Amery,Castana,acastananc@slashdot.org,Male,249.107.136.209
842,Terrijo,Nurdin,tnurdinnd@amazon.co.jp,Female,45.5.25.0
843,Bartie,Purse,bpursene@merriam-webster.com,Male,144.179.199.55
844,Kirstin,Anfusso,kanfussonf@over-blog.com,Female,11.151.84.208
845,Rodger,Leworthy,rleworthyng@npr.org,Male,147.0.204.168
846,Jacquenetta,Quittonden,jquittondennh@squarespace.com,Female,126.242.76.175
847,Zackariah,Ottley,zottleyni@craigslist.org,Male,128.187.34.193
848,Ced,Carrett,ccarrettnj@fda.gov,Polygender,150.229.169.90
849,Isadora,Acors,iacorsnk@vistaprint.com,Female,130.163.214.54
850,Fredericka,Reiner,freinernl@fc2.com,Female,163.145.248.195
851,Madelaine,Pevreal,mpevrealnm@angelfire.com,Female,125.58.100.11
852,Nadeen,Prandi,nprandinn@topsy.com,Female,183.98.105.106
853,Blanche,Cory,bcoryno@drupal.org,Female,123.249.219.5
854,Adolpho,Pernell,apernellnp@ibm.com,Male,147.240.191.153
855,Jean,Rapkins,jrapkinsnq@npr.org,Male,52.219.50.26
856,Beauregard,Ganders,bgandersnr@kickstarter.com,Male,83.199.121.43
857,Stan,Fairbairn,sfairbairnns@dropbox.com,Male,4.233.92.122
858,Teodora,Tanti,ttantint@spiegel.de,Female,188.91.8.13
859,Mario,Loblie,mloblienu@admin.ch,Male,190.218.227.215
860,Isa,Shirtcliffe,ishirtcliffenv@google.com.au,Female,157.122.193.62
861,Boycie,Huckell,bhuckellnw@chicagotribune.com,Male,132.241.209.187
862,Buffy,Coppard,bcoppardnx@twitter.com,Female,130.55.185.172
863,Tommie,Fomichyov,tfomichyovny@cbslocal.com,Agender,160.50.99.57
864,Jessey,Thome,jthomenz@hhs.gov,Male,200.191.77.49
865,Courtnay,Mulliner,cmullinero0@sogou.com,Female,247.241.147.232
866,Doralyn,Mancell,dmancello1@ustream.tv,Female,176.139.26.191
867,Tracie,Poone,tpooneo2@wired.com,Female,32.224.123.170
868,Beverlee,Drivers,bdriverso3@icio.us,Female,223.23.143.97
869,Susanetta,Ellicombe,sellicombeo4@amazonaws.com,Polygender,99.203.46.6
870,Worden,Dorken,wdorkeno5@accuweather.com,Male,217.93.101.157
871,Alex,Listone,alistoneo6@omniture.com,Male,123.148.162.196
872,Nicolis,Scard,nscardo7@mail.ru,Male,211.125.109.104
873,Tommy,Shakespeare,tshakespeareo8@wikispaces.com,Male,183.152.43.72
874,Maximilianus,Ivasyushkin,mivasyushkino9@qq.com,Male,52.28.216.126
875,Misty,Beadon,mbeadonoa@arstechnica.com,Female,215.179.124.216
876,Brittney,Bedson,bbedsonob@privacy.gov.au,Non-binary,57.222.230.126
877,Verney,Redit,vreditoc@bluehost.com,Male,52.148.195.91
878,Andie,Szachniewicz,aszachniewiczod@usgs.gov,Female,38.143.148.200
879,Dexter,Mostin,dmostinoe@pcworld.com,Male,48.23.111.42
880,Beau,Marquese,bmarqueseof@acquirethisname.com,Male,21.168.216.170
881,Jens,Idiens,jidiensog@dedecms.com,Male,244.1.17.166
882,Rickie,Apdell,rapdelloh@homestead.com,Male,252.155.59.61
883,Barbi,Luard,bluardoi@cdc.gov,Female,243.194.154.43
884,Huntington,Perrie,hperrieoj@mozilla.com,Male,7.46.105.125
885,Mair,Kivelhan,mkivelhanok@guardian.co.uk,Female,176.162.204.198
886,Lilias,Tottle,ltottleol@example.com,Female,49.146.58.222
887,Tomasina,Proughten,tproughtenom@jigsy.com,Female,74.116.171.38
888,Valerye,Frany,vfranyon@dagondesign.com,Female,168.14.203.17
889,Skyler,Silson,ssilsonoo@elegantthemes.com,Male,175.79.78.62
890,Stavro,Raiman,sraimanop@geocities.com,Male,190.83.226.22
891,Sawyer,Graybeal,sgraybealoq@newyorker.com,Male,62.73.193.5
892,Zollie,Pailin,zpailinor@sun.com,Male,222.16.232.8
893,Brooks,Braunthal,bbraunthalos@answers.com,Female,225.8.241.145
894,Harley,McCandie,hmccandieot@netscape.com,Male,226.197.42.185
895,Melva,Fearenside,mfearensideou@livejournal.com,Female,179.233.3.3
896,Mira,Fawcett,mfawcettov@plala.or.jp,Female,205.134.137.231
897,Elwood,Gathercole,egathercoleow@time.com,Male,74.32.221.63
898,Stanton,Slyford,sslyfordox@dagondesign.com,Male,68.114.39.70
899,Codi,Morais,cmoraisoy@ucoz.ru,Male,49.32.173.30
900,Benedicta,McGebenay,bmcgebenayoz@umn.edu,Female,253.83.4.196
901,Mamie,Dutson,mdutsonp0@twitter.com,Female,17.212.12.204
902,Floyd,MacNeely,fmacneelyp1@tripod.com,Genderfluid,194.112.124.150
903,Fletcher,Mercik,fmercikp2@tuttocitta.it,Male,200.124.194.157
904,Augustine,Lusk,aluskp3@shareasale.com,Male,150.240.91.255
905,Susana,Marchant,smarchantp4@abc.net.au,Female,17.195.90.131
906,Bard,Swate,bswatep5@123-reg.co.uk,Male,148.95.136.44
907,Rob,Kremer,rkremerp6@va.gov,Male,234.176.117.69
908,Georgianne,Yateman,gyatemanp7@netlog.com,Female,161.135.244.95
909,Tybalt,Kirton,tkirtonp8@nba.com,Male,121.53.24.202
910,Melisenda,Dunton,mduntonp9@army.mil,Female,40.31.126.216
911,Candie,Imesen,cimesenpa@google.com,Female,200.217.51.159
912,Justin,Neem,jneempb@naver.com,Male,171.195.62.213
913,Ichabod,Glisenan,iglisenanpc@dell.com,Male,177.219.185.112
914,Ransom,Atterbury,ratterburypd@youtu.be,Male,168.73.138.51
915,Adeline,Pember,apemberpe@google.cn,Female,243.82.249.148
916,Antons,Rundall,arundallpf@eepurl.com,Male,145.211.8.116
917,William,Crossman,wcrossmanpg@youtube.com,Male,210.169.133.45
918,Maximilien,Rivers,mriversph@cnet.com,Male,235.232.64.80
919,Darcey,Sizeland,dsizelandpi@huffingtonpost.com,Female,183.106.180.34
920,Kayle,Culpan,kculpanpj@icio.us,Female,4.76.84.137
921,Archie,Slorance,aslorancepk@springer.com,Male,5.133.168.192
922,Carley,Aldersley,caldersleypl@technorati.com,Female,210.237.184.46
923,Eulalie,Teffrey,eteffreypm@wired.com,Female,127.49.138.212
924,Phil,Gallihaulk,pgallihaulkpn@artisteer.com,Male,5.200.6.173
925,Melesa,Keizman,mkeizmanpo@va.gov,Female,196.220.176.60
926,Rowan,Leavold,rleavoldpp@jimdo.com,Male,2.191.215.196
927,Charmion,Nazareth,cnazarethpq@wikimedia.org,Agender,177.22.229.21
928,Cathie,Capsey,ccapseypr@bandcamp.com,Female,170.32.207.143
929,Elwyn,Stockhill,estockhillps@usgs.gov,Male,81.127.58.135
930,Gerianna,McClancy,gmcclancypt@cargocollective.com,Female,110.53.10.189
931,Licha,Keymar,lkeymarpu@ebay.co.uk,Polygender,48.134.139.240
932,Tori,Elkins,telkinspv@ebay.com,Female,43.173.50.137
933,Dan,Cicco,dciccopw@bbb.org,Male,233.49.0.10
934,Wilona,Duckerin,wduckerinpx@narod.ru,Non-binary,125.78.43.218
935,Jerrylee,Magee,jmageepy@dedecms.com,Female,140.208.132.28
936,Rosanne,Nowak,rnowakpz@simplemachines.org,Female,227.114.34.31
937,Alasdair,Lefwich,alefwichq0@usatoday.com,Male,224.31.67.113
938,Janetta,Dobbing,jdobbingq1@i2i.jp,Female,222.189.121.51
939,Joby,Howard - Gater,jhowardgaterq2@ocn.ne.jp,Female,219.178.98.32
940,Kellia,Willgoose,kwillgooseq3@answers.com,Female,221.179.158.216
941,Frieda,Mapes,fmapesq4@wordpress.com,Genderqueer,244.216.0.213
942,Rhys,Stiell,rstiellq5@google.fr,Male,201.252.182.30
943,Alyce,Scrimshaw,ascrimshawq6@paypal.com,Female,16.203.234.118
944,Lucy,Baillie,lbaillieq7@abc.net.au,Female,199.61.75.19
945,Kliment,Beazleigh,kbeazleighq8@networkadvertising.org,Male,180.204.46.117
946,Zondra,Magnay,zmagnayq9@networkadvertising.org,Female,204.10.83.233
947,Hermia,Handover,hhandoverqa@technorati.com,Female,23.16.9.145
948,Lynnell,Bienvenu,lbienvenuqb@walmart.com,Female,195.250.202.69
949,Leland,Chappell,lchappellqc@histats.com,Male,229.181.28.3
950,Gregory,Reynold,greynoldqd@bigcartel.com,Male,41.221.12.34
951,Jordon,Studdal,jstuddalqe@facebook.com,Male,120.254.159.95
952,Rosalind,McKeney,rmckeneyqf@discovery.com,Female,56.70.144.161
953,Gnni,Anand,ganandqg@businessinsider.com,Genderfluid,48.218.5.82
954,Sallyann,Sills,ssillsqh@tinypic.com,Female,14.80.78.192
955,Renate,Dearsley,rdearsleyqi@globo.com,Female,19.22.10.231
956,Pavlov,Gymblett,pgymblettqj@theguardian.com,Male,2.134.201.194
957,Ninette,Landsman,nlandsmanqk@cafepress.com,Female,184.10.174.254
958,Valina,Peepall,vpeepallql@issuu.com,Female,132.34.71.2
959,Vivyanne,Matushenko,vmatushenkoqm@cdc.gov,Female,58.215.130.216
960,Trip,Spyer,tspyerqn@aol.com,Male,159.18.240.86
961,Jobie,Bambridge,jbambridgeqo@wix.com,Female,4.239.187.164
962,Ethelred,Krolak,ekrolakqp@dagondesign.com,Male,241.230.213.10
963,Keelby,Keets,kkeetsqq@blogs.com,Male,138.234.144.203
964,Lethia,Saffe,lsaffeqr@altervista.org,Female,82.76.157.151
965,Isa,Doyle,idoyleqs@themeforest.net,Male,27.81.126.169
966,Gabriella,Demcak,gdemcakqt@tripod.com,Female,31.16.48.222
967,Lucky,Stoffer,lstofferqu@sitemeter.com,Female,216.6.94.225
968,Ardyth,Tankard,atankardqv@google.com.au,Female,0.143.190.211
969,Wendeline,Lesmonde,wlesmondeqw@google.cn,Female,58.148.144.99
970,Leone,Worsnup,lworsnupqx@kickstarter.com,Female,97.135.117.165
971,Haven,Edmeads,hedmeadsqy@dagondesign.com,Male,86.98.220.143
972,Jory,Walbrun,jwalbrunqz@guardian.co.uk,Male,155.170.84.88
973,Kerry,Coneau,kconeaur0@chicagotribune.com,Male,221.136.224.11
974,Lauren,Schorah,lschorahr1@smugmug.com,Female,169.108.96.189
975,Sullivan,Franchioni,sfranchionir2@pen.io,Male,145.108.54.146
976,Zachery,McDougall,zmcdougallr3@cmu.edu,Non-binary,250.144.78.107
977,Silvia,Twyford,stwyfordr4@digg.com,Female,4.203.136.178
978,Joscelin,Idel,jidelr5@51.la,Female,238.50.94.221
979,Jon,Wringe,jwringer6@narod.ru,Male,93.185.13.127
980,Arney,Vlasyuk,avlasyukr7@imageshack.us,Male,116.247.151.83
981,Walt,Lempertz,wlempertzr8@wikia.com,Male,148.88.67.113
982,Terza,Bohills,tbohillsr9@ibm.com,Female,28.119.170.135
983,Dahlia,Callander,dcallanderra@discovery.com,Female,205.155.235.38
984,Phebe,Werndly,pwerndlyrb@sitemeter.com,Female,105.111.177.97
985,Griffin,Cruess,gcruessrc@unesco.org,Male,224.251.21.55
986,Bonnibelle,Brockie,bbrockierd@alexa.com,Female,242.206.232.224
987,Sharity,Odde,soddere@reuters.com,Female,134.92.109.114
988,Arluene,Theriot,atheriotrf@princeton.edu,Female,67.30.7.83
989,Zulema,Edwardson,zedwardsonrg@cisco.com,Female,47.171.194.93
990,Derry,Falck,dfalckrh@fastcompany.com,Genderqueer,79.56.82.178
991,Morse,Mashal,mmashalri@irs.gov,Male,230.177.216.232
992,Ediva,Biffen,ebiffenrj@i2i.jp,Female,105.20.34.89
993,Riobard,Barnwall,rbarnwallrk@army.mil,Male,115.26.160.189
994,Kurtis,Blench,kblenchrl@disqus.com,Male,185.107.227.0
995,Ree,Haddow,rhaddowrm@deliciousdays.com,Female,106.214.219.247
996,Seward,McDill,smcdillrn@admin.ch,Male,206.117.93.99
997,Kirby,Wenn,kwennro@networkadvertising.org,Male,217.205.110.252
998,Dar,Domenichini,ddomenichinirp@marriott.com,Male,108.214.39.122
999,Johnathan,Arnatt,jarnattrq@artisteer.com,Male,54.236.208.126
1000,Quintina,Cushion,qcushionrr@miitbeian.gov.cn,Female,175.188.229.247
