id,first_name,last_name,email,gender,ip_address
2001,Fawne,Tommis,ftommis0@issuu.com,Female,249.147.71.250
2002,Gizela,Roft,groft1@cdc.gov,Genderqueer,68.151.18.192
2003,Abdel,Lefort,alefort2@cloudflare.com,Male,37.69.84.1
2004,Eadmund,Peat,epeat3@umn.edu,Male,252.215.12.18
2005,Malinde,Jerrold,mjerrold4@over-blog.com,Female,153.212.20.55
2006,Borden,Wandrich,bwandrich5@zdnet.com,Male,229.157.214.46
2007,Magnum,Gornall,mgornall6@over-blog.com,Male,18.246.118.173
2008,Alissa,Dunnico,adunnico7@php.net,Female,31.223.175.54
2009,Mariejeanne,Leggitt,mleggitt8@mac.com,Female,203.231.182.134
2010,Tremaine,Tapper,ttapper9@msu.edu,Male,182.36.141.202
2011,Ernest,Llewellyn,ellewellyna@google.com,Male,35.11.78.87
2012,Cathi,Olenchenko,colenchenkob@cbc.ca,Female,104.160.157.199
2013,Arvie,Blacktin,ablacktinc@omniture.com,Male,105.237.163.117
2014,Dawna,Ricart,dricartd@home.pl,Female,144.197.39.220
2015,Birdie,Le Count,blecounte@quantcast.com,Female,38.151.57.254
2016,Bent,Beardsdale,bbeardsdalef@e-recht24.de,Male,105.170.8.119
2017,Arther,Heinsen,aheinseng@qq.com,Male,41.141.149.125
2018,Corney,Vicker,cvickerh@smh.com.au,Male,168.1.3.178
2019,Veronica,Dingivan,vdingivani@who.int,Female,57.243.94.205
2020,Winonah,Poure,wpourej@clickbank.net,Female,229.132.43.112
2021,Kimmy,Veschi,kveschik@booking.com,Female,65.16.135.241
2022,Warden,Gurry,wgurryl@networkadvertising.org,Male,151.176.99.57
2023,Ax,Mutter,amutterm@google.com,Genderfluid,182.82.82.79
2024,Kitti,Keford,kkefordn@webs.com,Female,6.133.60.24
2025,Tucker,Mullinger,tmullingero@is.gd,Male,86.247.21.222
2026,Anastassia,Eagleston,aeaglestonp@istockphoto.com,Female,146.58.20.73
2027,Dosi,Sergeant,dsergeantq@phpbb.com,Female,132.175.104.167
2028,Eula,Brackpool,ebrackpoolr@upenn.edu,Bigender,0.231.165.219
2029,Grazia,Ilyenko,gilyenkos@businessinsider.com,Female,167.213.139.25
2030,Anatollo,Ferras,aferrast@tiny.cc,Male,173.217.206.147
2031,Alena,Pessolt,apessoltu@businessinsider.com,Female,75.96.208.251
2032,Darb,Cumbers,dcumbersv@joomla.org,Female,104.178.69.245
2033,Bordie,Mountstephen,bmountstephenw@nbcnews.com,Male,221.145.193.214
2034,Zackariah,Downs,zdownsx@vinaora.com,Male,181.142.16.11
2035,Constantine,Ashingden,cashingdeny@businesswire.com,Male,236.41.61.243
2036,Rubi,Shelmerdine,rshelmerdinez@un.org,Female,199.1.202.190
2037,Ruthe,Fassum,rfassum10@amazon.co.uk,Female,182.12.136.194
2038,Kelly,Perl,kperl11@wiley.com,Genderqueer,141.7.8.230
2039,Renato,Dilloway,rdilloway12@fotki.com,Male,19.206.206.84
2040,Thatcher,Dupey,tdupey13@tinypic.com,Male,46.144.139.40
2041,Cristine,Bonehill,cbonehill14@rakuten.co.jp,Female,57.37.103.12
2042,Rhodia,Bazylets,rbazylets15@twitter.com,Female,254.56.157.209
2043,Hardy,Paunton,hpaunton16@homestead.com,Male,107.32.35.47
2044,Winnie,Scholtis,wscholtis17@comcast.net,Female,168.183.88.210
2045,Angelo,Masse,amasse18@usda.gov,Male,217.41.70.206
2046,Antonietta,Haet,ahaet19@smugmug.com,Female,231.61.165.36
2047,Alicea,Hauxby,ahauxby1a@reverbnation.com,Female,5.169.233.96
2048,Seumas,Petschelt,spetschelt1b@example.com,Male,21.68.23.228
2049,Arny,Huckin,ahuckin1c@squidoo.com,Male,172.181.190.29
2050,Grantham,Ellings,gellings1d@earthlink.net,Male,232.170.172.31
2051,Bette-ann,Blaber,bblaber1e@sciencedirect.com,Female,93.173.126.127
2052,Joli,Gissing,jgissing1f@issuu.com,Female,255.90.212.167
2053,Garwin,Scrimshaw,gscrimshaw1g@elpais.com,Male,227.127.204.6
2054,Hubert,Bendin,hbendin1h@goo.gl,Male,78.255.140.81
2055,Cherida,Le Hucquet,clehucquet1i@meetup.com,Female,70.160.58.67
2056,Olivie,Pirson,opirson1j@mac.com,Female,85.102.99.224
2057,Hamlen,Meth,hmeth1k@so-net.ne.jp,Non-binary,213.223.122.226
2058,Meredith,Grevatt,mgrevatt1l@bloglines.com,Female,26.164.19.68
2059,Sandye,Mattaus,smattaus1m@examiner.com,Female,165.116.143.112
2060,Manuel,Halahan,mhalahan1n@hibu.com,Male,48.198.77.192
2061,Brita,Mallock,bmallock1o@phoca.cz,Female,227.172.230.10
2062,Hymie,Maestrini,hmaestrini1p@utexas.edu,Male,54.132.53.74
2063,Ruby,Cottu,rcottu1q@seattletimes.com,Female,197.200.10.191
2064,Asia,Marskell,amarskell1r@about.me,Bigender,32.150.159.104
2065,Anderea,MacNeely,amacneely1s@goo.gl,Female,203.45.194.52
2066,Kala,Beesley,kbeesley1t@globo.com,Female,31.117.80.134
2067,Ceil,Capsey,ccapsey1u@weibo.com,Genderqueer,180.249.22.219
2068,Wilfrid,Brettel,wbrettel1v@blinklist.com,Male,233.123.171.146
2069,Wait,Ivermee,wivermee1w@ehow.com,Male,45.171.241.48
2070,Horatius,True,htrue1x@naver.com,Male,76.192.247.108
2071,Graham,MacNeachtain,gmacneachtain1y@kickstarter.com,Male,1.90.42.205
2072,Dag,Turbern,dturbern1z@ucsd.edu,Male,216.37.164.80
2073,Patience,Nesbitt,pnesbitt20@ca.gov,Female,167.41.12.7
2074,Lura,Tapper,ltapper21@weebly.com,Female,62.84.220.161
2075,Prentice,McGuinness,pmcguinness22@w3.org,Male,98.182.33.7
2076,Buddie,Rogerson,brogerson23@bloglovin.com,Genderfluid,13.58.110.157
2077,Stevena,Mendoza,smendoza24@drupal.org,Female,46.228.172.254
2078,Melony,Piatto,mpiatto25@mayoclinic.com,Female,244.66.223.117
2079,Dore,Raigatt,draigatt26@mlb.com,Agender,250.75.93.215
2080,Gusella,Pockey,gpockey27@trellian.com,Female,236.90.170.86
2081,Piper,Dargue,pdargue28@booking.com,Female,9.39.148.176
2082,Hilliard,Dorward,hdorward29@newsvine.com,Male,131.38.199.78
2083,Preston,Cosgreave,pcosgreave2a@histats.com,Male,124.15.176.37
2084,Saundra,Red,sred2b@wired.com,Male,54.75.67.110
2085,Jennie,Olanda,jolanda2c@nyu.edu,Female,11.98.112.135
2086,Gregor,Scouler,gscouler2d@comcast.net,Male,174.78.31.158
2087,Noella,Kull,nkull2e@privacy.gov.au,Female,172.51.188.37
2088,Rubin,Vader,rvader2f@tumblr.com,Male,42.111.106.245
2089,Amabelle,Robel,arobel2g@zdnet.com,Female,142.96.146.205
2090,Rafaello,Hext,rhext2h@washingtonpost.com,Male,166.160.46.83
2091,Bartlet,Pickance,bpickance2i@trellian.com,Male,188.244.114.148
2092,Patric,Eggers,peggers2j@apple.com,Male,96.194.5.87
2093,Danya,Huncote,dhuncote2k@discuz.net,Genderfluid,215.248.87.34
2094,Thalia,Bleby,tbleby2l@xing.com,Female,5.135.142.133
2095,Terrill,McLeod,tmcleod2m@github.io,Male,204.251.123.36
2096,Ninetta,Kestle,nkestle2n@howstuffworks.com,Female,6.89.94.47
2097,Rockey,Attenburrow,rattenburrow2o@soup.io,Male,181.59.135.56
2098,Ibby,McCreary,imccreary2p@sourceforge.net,Female,185.89.167.151
2099,Juanita,Nuschke,jnuschke2q@wunderground.com,Female,196.163.178.214
2100,Rosaleen,Hruska,rhruska2r@clickbank.net,Female,166.251.11.27
2101,Luise,Colloff,lcolloff2s@epa.gov,Female,237.192.253.35
2102,Irvin,Rawcliff,irawcliff2t@independent.co.uk,Male,32.184.149.15
2103,Mallissa,Kluger,mkluger2u@cdbaby.com,Genderfluid,34.52.46.210
2104,Andre,Baldam,abaldam2v@statcounter.com,Male,208.215.54.120
2105,Elisabetta,Volcker,evolcker2w@vkontakte.ru,Female,137.111.109.159
2106,Constance,Veivers,cveivers2x@shutterfly.com,Female,253.157.128.163
2107,Jena,Rettie,jrettie2y@aboutads.info,Non-binary,228.239.104.32
2108,Stillmann,Allam,sallam2z@dedecms.com,Male,65.174.157.254
2109,Niki,O'Dulchonta,nodulchonta30@google.it,Male,136.215.195.46
2110,Winn,Pomery,wpomery31@opera.com,Male,170.94.81.65
2111,Sibylla,Goldsmith,sgoldsmith32@google.com,Female,55.229.99.105
2112,Mikol,Curneen,mcurneen33@tuttocitta.it,Genderfluid,189.163.247.36
2113,Bethany,Browett,bbrowett34@eepurl.com,Female,75.167.123.186
2114,Katrina,Boyen,kboyen35@imageshack.us,Female,217.230.80.0
2115,Verla,Brazur,vbrazur36@washingtonpost.com,Female,237.120.221.162
2116,Goldina,Ivetts,givetts37@cafepress.com,Female,213.137.160.139
2117,Nowell,Gatus,ngatus38@weibo.com,Male,222.50.254.166
2118,Olia,Chittim,ochittim39@europa.eu,Non-binary,219.18.80.214
2119,Mellicent,Alwen,malwen3a@java.com,Female,26.142.252.210
2120,Kennith,Eckley,keckley3b@chron.com,Male,200.107.158.107
2121,Astrix,Langelay,alangelay3c@comsenz.com,Female,41.220.221.181
2122,Philippine,Breckon,pbreckon3d@trellian.com,Polygender,43.62.220.28
2123,Paulita,Wordington,pwordington3e@msu.edu,Female,237.22.113.67
2124,Mary,Libbis,mlibbis3f@github.io,Female,29.39.190.174
2125,Robinett,Cayette,rcayette3g@auda.org.au,Female,167.100.152.205
2126,Ray,Leon,rleon3h@oakley.com,Male,172.14.109.31
2127,Paolo,Hambidge,phambidge3i@huffingtonpost.com,Male,245.111.239.209
2128,Xylia,Caisley,xcaisley3j@artisteer.com,Female,36.66.66.39
2129,Drusie,Burt,dburt3k@meetup.com,Female,22.232.133.184
2130,Marven,Coaker,mcoaker3l@oakley.com,Male,135.97.211.164
2131,Wolfy,Blasik,wblasik3m@technorati.com,Male,20.113.202.86
2132,Aluin,Wiggam,awiggam3n@sun.com,Male,131.29.200.61
2133,Kendal,Lyal,klyal3o@census.gov,Male,232.82.10.219
2134,Sybil,Farmiloe,sfarmiloe3p@examiner.com,Female,157.240.163.174
2135,Lida,Sutton,lsutton3q@xinhuanet.com,Female,229.224.41.133
2136,Justin,Deam,jdeam3r@mit.edu,Male,157.33.201.136
2137,Gardner,Hallas,ghallas3s@free.fr,Male,10.75.222.238
2138,Kathrine,Eichmann,keichmann3t@sakura.ne.jp,Female,56.93.189.5
2139,Meade,Diggins,mdiggins3u@xrea.com,Male,193.250.27.159
2140,Jill,Bines,jbines3v@cmu.edu,Female,211.99.179.112
2141,Kessia,Becaris,kbecaris3w@virginia.edu,Female,59.225.1.153
2142,Eal,Lokier,elokier3x@forbes.com,Polygender,194.54.60.95
2143,Carla,Jermy,cjermy3y@ehow.com,Female,171.93.146.53
2144,Flem,Griffitts,fgriffitts3z@behance.net,Male,176.233.166.212
2145,Marijo,Umney,mumney40@blogs.com,Female,166.141.178.184
2146,Deborah,Gladdish,dgladdish41@baidu.com,Female,49.235.209.136
2147,Beatrix,Bane,bbane42@reverbnation.com,Female,7.81.76.228
2148,Cody,Danielsen,cdanielsen43@baidu.com,Female,133.235.96.38
2149,Regina,Itzak,ritzak44@t-online.de,Female,7.177.136.175
2150,Vanya,Redwing,vredwing45@chicagotribune.com,Male,15.45.130.213
2151,Link,Phelipeaux,lphelipeaux46@mozilla.com,Male,231.166.86.28
2152,Gabbey,Hallett,ghallett47@marketwatch.com,Female,97.136.221.172
2153,Lindi,Grebert,lgrebert48@nih.gov,Female,190.123.151.200
2154,Sheppard,Dabes,sdabes49@japanpost.jp,Male,175.63.196.110
2155,Merry,Binnall,mbinnall4a@blogs.com,Non-binary,70.212.178.249
2156,Chevy,Hoyte,choyte4b@infoseek.co.jp,Male,76.85.17.194
2157,Bank,Nappin,bnappin4c@51.la,Male,167.185.129.130
2158,Mikey,MacScherie,mmacscherie4d@sun.com,Male,156.234.83.127
2159,Fritz,Hayhow,fhayhow4e@hubpages.com,Male,172.153.54.249
2160,Adelaide,Wyeld,awyeld4f@tinypic.com,Female,143.91.180.71
2161,Bambie,Andrzejewski,bandrzejewski4g@bandcamp.com,Female,15.67.74.185
2162,Gan,Smales,gsmales4h@japanpost.jp,Male,30.47.80.152
2163,Cullin,Pollicote,cpollicote4i@mashable.com,Male,179.220.132.250
2164,Porty,Thowless,pthowless4j@wisc.edu,Non-binary,246.182.48.17
2165,Yasmeen,Wapplington,ywapplington4k@imdb.com,Female,26.219.36.55
2166,Corny,Loads,cloads4l@123-reg.co.uk,Agender,153.120.150.179
2167,Ami,Roberds,aroberds4m@google.fr,Bigender,225.239.89.196
2168,Perl,Matts,pmatts4n@businesswire.com,Female,251.162.118.237
2169,Bay,McKain,bmckain4o@angelfire.com,Male,9.248.180.181
2170,Henderson,Volkers,hvolkers4p@cocolog-nifty.com,Male,222.62.247.209
2171,Porty,Bodill,pbodill4q@plala.or.jp,Male,161.141.149.21
2172,Wadsworth,Giller,wgiller4r@bbc.co.uk,Male,183.41.240.6
2173,Kaye,Watkiss,kwatkiss4s@comcast.net,Female,186.60.146.220
2174,Marline,Vitler,mvitler4t@weibo.com,Female,110.184.86.233
2175,Rurik,Farnin,rfarnin4u@usa.gov,Male,69.122.122.244
2176,Dulciana,Rustich,drustich4v@sun.com,Female,210.109.237.62
2177,Alphonso,Simacek,asimacek4w@ted.com,Male,212.74.87.141
2178,Tamas,Widdop,twiddop4x@cornell.edu,Male,88.165.146.243
2179,Alister,Hailwood,ahailwood4y@moonfruit.com,Male,87.252.115.6
2180,Chick,Sans,csans4z@telegraph.co.uk,Male,28.85.117.5
2181,Hervey,Mennear,hmennear50@smh.com.au,Male,136.9.10.119
2182,Durante,Cattlemull,dcattlemull51@4shared.com,Male,119.153.255.164
2183,Roze,Magne,rmagne52@java.com,Female,68.87.23.56
2184,Nedi,Whaley,nwhaley53@xing.com,Female,25.212.78.168
2185,Elnore,Manklow,emanklow54@mayoclinic.com,Female,91.209.112.155
2186,Euphemia,Titherington,etitherington55@dailymotion.com,Bigender,40.177.137.32
2187,Vlad,Kreutzer,vkreutzer56@moonfruit.com,Male,58.237.38.13
2188,Sammy,Grigoriev,sgrigoriev57@guardian.co.uk,Female,203.36.212.215
2189,Galven,Leversha,gleversha58@earthlink.net,Male,106.131.222.134
2190,Falito,Sapp,fsapp59@fema.gov,Male,233.161.167.6
2191,Hoebart,Staveley,hstaveley5a@disqus.com,Male,195.174.28.16
2192,Shirlene,Josifovitz,sjosifovitz5b@engadget.com,Female,76.33.167.195
2193,Teresita,Kahen,tkahen5c@cloudflare.com,Female,48.215.33.237
2194,Cristine,Applebee,capplebee5d@statcounter.com,Female,26.65.112.31
2195,Rosetta,Wehnerr,rwehnerr5e@samsung.com,Female,179.89.202.93
2196,Kane,Rodell,krodell5f@kickstarter.com,Male,125.218.68.177
2197,Niki,Accomb,naccomb5g@canalblog.com,Male,241.64.130.122
2198,Kata,Sheardown,ksheardown5h@godaddy.com,Female,147.191.21.47
2199,Iorgo,Innot,iinnot5i@flavors.me,Male,83.225.46.80
2200,Lisha,Hugin,lhugin5j@netvibes.com,Female,88.27.66.144
2201,Hillier,Gaish,hgaish5k@psu.edu,Male,125.47.94.76
2202,Rhea,Whitmore,rwhitmore5l@domainmarket.com,Genderqueer,139.22.90.191
2203,Chrotoem,Ghelerdini,cghelerdini5m@hugedomains.com,Male,38.166.146.83
2204,Jori,Mc Coughan,jmccoughan5n@businessweek.com,Female,130.184.251.160
2205,Ozzie,Shoutt,oshoutt5o@about.me,Male,12.28.69.155
2206,Wyatan,Graffin,wgraffin5p@virginia.edu,Male,97.221.247.200
2207,Winn,Huyhton,whuyhton5q@macromedia.com,Polygender,69.18.246.78
2208,Mohandas,Hartwell,mhartwell5r@boston.com,Male,15.192.228.54
2209,Annabela,Margery,amargery5s@toplist.cz,Female,85.163.106.118
2210,Julie,Horsell,jhorsell5t@xrea.com,Male,211.117.203.158
2211,Oswell,Millberg,omillberg5u@msu.edu,Male,126.152.148.41
2212,Cymbre,Gingles,cgingles5v@wunderground.com,Agender,184.47.200.133
2213,Carita,Nurny,cnurny5w@webs.com,Female,56.247.29.228
2214,Tabatha,Radin,tradin5x@naver.com,Polygender,55.44.37.230
2215,Annmaria,Shackesby,ashackesby5y@istockphoto.com,Bigender,154.144.243.79
2216,Shay,Rosenauer,srosenauer5z@typepad.com,Male,168.28.136.64
2217,Hasty,Croxon,hcroxon60@ning.com,Male,141.240.17.240
2218,Gaspard,Gosenell,ggosenell61@slate.com,Polygender,211.100.235.19
2219,Meier,McGhie,mmcghie62@wufoo.com,Male,109.10.97.45
2220,Albina,Frid,afrid63@ft.com,Female,11.203.241.16
2221,Abra,Gosland,agosland64@stumbleupon.com,Female,238.151.215.174
2222,Merrill,Pasterfield,mpasterfield65@soundcloud.com,Male,180.180.94.117
2223,Northrop,Grunson,ngrunson66@indiegogo.com,Male,25.54.126.189
2224,Erina,Caustic,ecaustic67@google.nl,Female,231.191.67.204
2225,Rickey,Blay,rblay68@bbc.co.uk,Male,39.142.64.165
2226,Sargent,Mahood,smahood69@loc.gov,Male,33.84.33.36
2227,Gloria,Crayke,gcrayke6a@mysql.com,Female,47.158.151.200
2228,Duane,Possa,dpossa6b@msn.com,Male,127.168.66.255
2229,Teodorico,Collishaw,tcollishaw6c@twitter.com,Male,208.232.31.95
2230,Brittaney,Wannes,bwannes6d@slideshare.net,Female,22.145.13.120
2231,Corrianne,Monkhouse,cmonkhouse6e@icq.com,Female,63.45.67.42
2232,Ethyl,Leborgne,eleborgne6f@dailymotion.com,Female,225.88.253.88
2233,Daisey,Ramlot,dramlot6g@quantcast.com,Female,11.247.149.104
2234,Taryn,Srawley,tsrawley6h@skyrock.com,Female,233.202.248.245
2235,Juan,Abrahams,jabrahams6i@oaic.gov.au,Male,123.13.183.122
2236,Stan,Lawless,slawless6j@columbia.edu,Male,82.5.31.242
2237,Marley,Sparwell,msparwell6k@google.nl,Female,77.121.170.8
2238,Edita,Gerbel,egerbel6l@ihg.com,Female,73.254.139.246
2239,Rici,Ditchett,rditchett6m@ebay.co.uk,Female,195.18.30.169
2240,Christine,Morling,cmorling6n@dailymail.co.uk,Female,63.23.117.175
2241,Hilarius,Bartczak,hbartczak6o@linkedin.com,Male,240.69.156.52
2242,Jemmy,Halstead,jhalstead6p@youku.com,Female,165.170.204.33
2243,Deeann,Farfoot,dfarfoot6q@symantec.com,Female,150.88.83.236
2244,Pamela,Karolowski,pkarolowski6r@patch.com,Female,38.147.200.67
2245,Devin,Baldin,dbaldin6s@scribd.com,Female,69.206.215.174
2246,Min,Vannoort,mvannoort6t@cornell.edu,Female,14.250.84.208
2247,Michele,Oslar,moslar6u@feedburner.com,Male,211.97.114.68
2248,Diana,McCandless,dmccandless6v@mac.com,Female,223.191.9.83
2249,Katherine,Harkes,kharkes6w@mediafire.com,Female,125.175.89.18
2250,Pattie,Guilloneau,pguilloneau6x@cnn.com,Male,243.224.142.83
2251,Dew,Rodenburg,drodenburg6y@mozilla.org,Male,144.115.208.83
2252,Melantha,Ivanusyev,mivanusyev6z@spotify.com,Female,216.83.35.224
2253,Margaretta,Goodbody,mgoodbody70@skyrock.com,Female,219.163.14.51
2254,Morie,Mathan,mmathan71@nature.com,Male,192.116.162.39
2255,Griswold,Pentecost,gpentecost72@liveinternet.ru,Male,202.0.104.119
2256,Vladimir,Pickless,vpickless73@twitter.com,Male,98.74.38.77
2257,Lori,Vernazza,lvernazza74@simplemachines.org,Female,141.172.17.69
2258,Willow,Sothcott,wsothcott75@a8.net,Female,97.225.105.82
2259,Ritchie,Leythley,rleythley76@ebay.com,Male,235.200.72.25
2260,Beverlie,McNysche,bmcnysche77@mac.com,Female,106.0.75.174
2261,Warde,Newlyn,wnewlyn78@com.com,Genderfluid,242.248.186.138
2262,Brodie,Medlin,bmedlin79@bloglovin.com,Male,109.156.178.38
2263,Kaila,Sewards,ksewards7a@oracle.com,Polygender,97.91.96.23
2264,Rebbecca,Rabley,rrabley7b@macromedia.com,Female,101.144.229.95
2265,Helli,Fairebrother,hfairebrother7c@mozilla.com,Female,33.249.228.193
2266,Jeanette,Blaskett,jblaskett7d@studiopress.com,Female,235.138.16.86
2267,Vanni,Wasbey,vwasbey7e@adobe.com,Female,245.141.177.185
2268,Murray,Swannick,mswannick7f@bloomberg.com,Male,34.151.66.171
2269,Amalee,Grutchfield,agrutchfield7g@earthlink.net,Female,15.181.75.151
2270,Gaby,Goldby,ggoldby7h@youtu.be,Female,251.193.56.190
2271,Reed,Larmett,rlarmett7i@deviantart.com,Polygender,172.175.83.233
2272,Fredi,Glennard,fglennard7j@redcross.org,Female,214.225.87.69
2273,Jard,Tatton,jtatton7k@hc360.com,Male,80.130.26.81
2274,Lorinda,Fippe,lfippe7l@va.gov,Female,171.112.60.28
2275,Jodee,Swinnerton,jswinnerton7m@cloudflare.com,Female,197.188.176.110
2276,Graham,Cottel,gcottel7n@slashdot.org,Male,139.184.66.37
2277,Ara,Brittin,abrittin7o@addtoany.com,Female,9.223.76.95
2278,Kahaleel,McCollum,kmccollum7p@spotify.com,Male,247.140.180.50
2279,Rivalee,Farrey,rfarrey7q@cbslocal.com,Female,254.14.98.233
2280,Charlene,Whellans,cwhellans7r@devhub.com,Female,242.198.178.216
2281,Christiane,Leijs,cleijs7s@vkontakte.ru,Female,123.231.220.57
2282,Andeee,Sibun,asibun7t@walmart.com,Female,179.255.0.183
2283,Leland,Janiak,ljaniak7u@cbc.ca,Female,68.90.247.254
2284,Tomi,Ebbles,tebbles7v@dailymotion.com,Female,55.189.139.223
2285,Stevy,Eagle,seagle7w@apache.org,Male,118.115.0.124
2286,Fayina,Devenish,fdevenish7x@reverbnation.com,Female,145.132.69.247
2287,Christophe,Pimblott,cpimblott7y@columbia.edu,Male,70.108.254.11
2288,Wes,Elias,welias7z@newsvine.com,Male,50.57.161.225
2289,Mohandis,Cowlam,mcowlam80@cdbaby.com,Male,191.187.124.167
2290,Elfie,Mounce,emounce81@wikia.com,Female,252.199.182.101
2291,Lolly,Dunstone,ldunstone82@msn.com,Female,222.66.153.218
2292,Nicol,Toppin,ntoppin83@cyberchimps.com,Male,245.217.156.252
2293,Laurel,Petrashkov,lpetrashkov84@1und1.de,Female,121.195.183.142
2294,Halsy,Gerleit,hgerleit85@google.pl,Male,137.51.102.59
2295,Ev,Jeckell,ejeckell86@google.fr,Male,51.41.124.112
2296,Ingeborg,Servante,iservante87@linkedin.com,Non-binary,73.12.104.113
2297,Timothy,Mitrikhin,tmitrikhin88@buzzfeed.com,Male,142.128.31.82
2298,Heriberto,Finnie,hfinnie89@abc.net.au,Male,147.72.207.94
2299,Carling,Weich,cweich8a@phpbb.com,Male,52.149.95.154
2300,Jamaal,Flaxman,jflaxman8b@zimbio.com,Male,150.71.237.58
2301,Frederik,Featherstonhaugh,ffeatherstonhaugh8c@elpais.com,Male,228.63.159.207
2302,Celesta,Grocutt,cgrocutt8d@merriam-webster.com,Female,207.201.6.243
2303,Heath,Campion,hcampion8e@shutterfly.com,Female,175.23.159.54
2304,Hobard,Dymott,hdymott8f@trellian.com,Male,133.23.67.233
2305,Pavel,Wieprecht,pwieprecht8g@washingtonpost.com,Bigender,11.66.82.32
2306,Clerc,Tewkesbury.,ctewkesbury8h@upenn.edu,Male,128.108.181.171
2307,Glen,Ventura,gventura8i@twitpic.com,Male,165.116.30.173
2308,Dion,Reina,dreina8j@soup.io,Male,131.89.185.13
2309,Madelyn,Chaudhry,mchaudhry8k@ehow.com,Female,133.221.164.138
2310,Diane,Elbourn,delbourn8l@phpbb.com,Female,159.128.242.241
2311,Mira,McRill,mmcrill8m@tuttocitta.it,Female,244.218.215.120
2312,Gail,Freeman,gfreeman8n@goo.gl,Male,63.44.104.73
2313,Staci,Giorgetti,sgiorgetti8o@macromedia.com,Female,139.68.137.190
2314,Cornelle,Odegaard,codegaard8p@fastcompany.com,Non-binary,24.68.38.161
2315,Emma,Badcock,ebadcock8q@ebay.com,Female,247.98.9.219
2316,Akim,Penning,apenning8r@php.net,Male,66.95.186.210
2317,Dexter,Gowenlock,dgowenlock8s@ehow.com,Male,251.81.93.220
2318,Darill,Bison,dbison8t@nature.com,Male,99.202.32.103
2319,Pammi,Hayman,phayman8u@si.edu,Female,161.160.49.120
2320,Laura,Meritt,lmeritt8v@vinaora.com,Agender,111.20.192.189
2321,Levy,Coviello,lcoviello8w@hatena.ne.jp,Male,166.72.38.173
2322,Gilda,Andrelli,gandrelli8x@woothemes.com,Female,104.210.194.116
2323,Stanislaus,Lanfranchi,slanfranchi8y@cbsnews.com,Genderqueer,59.179.130.200
2324,Mona,Whettleton,mwhettleton8z@disqus.com,Genderqueer,226.169.47.175
2325,Vina,Litel,vlitel90@pagesperso-orange.fr,Female,249.250.89.221
2326,Alyce,Bloxland,abloxland91@irs.gov,Female,252.178.160.197
2327,Gena,Milmore,gmilmore92@elpais.com,Female,193.108.215.121
2328,Alistair,Epine,aepine93@cbsnews.com,Male,3.197.82.71
2329,Loren,Filipponi,lfilipponi94@liveinternet.ru,Male,26.27.187.141
2330,Drona,Schrir,dschrir95@webmd.com,Female,191.6.148.182
2331,Redford,Odgers,rodgers96@wikia.com,Male,177.82.71.92
2332,Witty,Mulvagh,wmulvagh97@mozilla.com,Male,221.154.91.62
2333,Gerald,Berkley,gberkley98@qq.com,Male,57.129.243.100
2334,Jordan,Kilby,jkilby99@bbb.org,Male,157.76.2.246
2335,Derek,Mungham,dmungham9a@acquirethisname.com,Male,132.7.122.217
2336,Jecho,Hawking,jhawking9b@cbsnews.com,Male,212.86.112.78
2337,Darryl,Thripp,dthripp9c@printfriendly.com,Male,11.212.200.235
2338,Charlena,Cundict,ccundict9d@deliciousdays.com,Female,241.138.124.183
2339,Douglas,Hadaway,dhadaway9e@jigsy.com,Male,9.176.138.210
2340,Giusto,Chinnery,gchinnery9f@skype.com,Agender,91.105.196.2
2341,Juanita,Summers,jsummers9g@acquirethisname.com,Female,127.125.25.74
2342,Albie,Gleeton,agleeton9h@ocn.ne.jp,Male,113.60.236.3
2343,Tamarra,Trigg,ttrigg9i@amazon.com,Female,55.87.166.126
2344,Briggs,Youde,byoude9j@wordpress.com,Male,92.143.128.25
2345,Oswell,Frankland,ofrankland9k@cloudflare.com,Agender,23.41.128.23
2346,Dallon,Aujouanet,daujouanet9l@google.com.br,Male,78.188.53.139
2347,Helena,Wabb,hwabb9m@biblegateway.com,Female,36.220.245.169
2348,Frazier,Dubose,fdubose9n@booking.com,Male,23.101.142.132
2349,Stephenie,Dudenie,sdudenie9o@sakura.ne.jp,Female,89.106.24.161
2350,Esme,Biasi,ebiasi9p@sina.com.cn,Genderqueer,62.181.117.80
2351,Leshia,Squires,lsquires9q@list-manage.com,Female,182.112.77.82
2352,Ciro,Olliver,colliver9r@prlog.org,Male,174.175.77.184
2353,Jacquette,Hampstead,jhampstead9s@bbb.org,Female,235.159.52.82
2354,Towney,Arkcoll,tarkcoll9t@alexa.com,Male,213.196.73.192
2355,Ludwig,Adamik,ladamik9u@mapy.cz,Male,43.136.87.155
2356,Brade,Simoncelli,bsimoncelli9v@networksolutions.com,Male,166.128.41.3
2357,Engelbert,Ashelford,eashelford9w@cnet.com,Male,146.139.107.117
2358,Caty,Futcher,cfutcher9x@ow.ly,Female,120.161.16.233
2359,Griffie,Pendergrast,gpendergrast9y@wordpress.org,Male,68.160.57.51
2360,Pippy,Pleasaunce,ppleasaunce9z@typepad.com,Female,160.134.78.76
2361,Lacy,Callow,lcallowa0@1688.com,Female,50.94.48.108
2362,Damiano,Vitet,dviteta1@xinhuanet.com,Male,150.5.45.9
2363,Vannie,Garnsworthy,vgarnsworthya2@hp.com,Female,213.60.90.244
2364,Gregorio,Schlagtmans,gschlagtmansa3@loc.gov,Male,203.148.149.103
2365,Nadeen,Dulin,ndulina4@yellowpages.com,Female,40.169.149.190
2366,Briney,Dowyer,bdowyera5@list-manage.com,Female,160.153.109.165
2367,Damon,Stukings,dstukingsa6@psu.edu,Male,135.201.49.110
2368,Gregg,Wraighte,gwraightea7@wikipedia.org,Male,226.167.103.223
2369,Steven,Callam,scallama8@jigsy.com,Male,204.90.123.161
2370,Auberon,Brunet,abruneta9@newyorker.com,Non-binary,111.0.160.204
2371,Johanna,Stute,jstuteaa@pbs.org,Female,72.186.4.12
2372,Hayward,Tweed,htweedab@twitter.com,Male,152.153.66.243
2373,Marcelia,Favelle,mfavelleac@typepad.com,Female,105.154.16.48
2374,Quill,Syder,qsyderad@geocities.com,Male,199.255.80.238
2375,Marcie,Jeffery,mjefferyae@nature.com,Female,248.171.67.183
2376,Ashlan,Twitchett,atwitchettaf@symantec.com,Female,34.89.95.246
2377,Carlina,Worrill,cworrillag@hexun.com,Female,162.15.9.189
2378,Talya,Whitehall,twhitehallah@themeforest.net,Female,232.169.17.108
2379,Charyl,Skippings,cskippingsai@discovery.com,Female,237.240.176.20
2380,Raye,Breinlein,rbreinleinaj@oakley.com,Female,104.194.236.28
2381,Marley,Conaghy,mconaghyak@google.com.br,Female,101.197.159.254
2382,Riki,Fearfull,rfearfullal@wordpress.org,Female,29.86.25.104
2383,Elsie,Thurber,ethurberam@nba.com,Female,165.206.172.240
2384,Israel,Conlon,iconlonan@ustream.tv,Male,188.33.111.221
2385,Carleton,Jewks,cjewksao@nifty.com,Male,28.14.195.128
2386,Murdock,Paviour,mpaviourap@mtv.com,Genderqueer,241.189.195.26
2387,Darla,Dericot,ddericotaq@linkedin.com,Female,95.119.236.19
2388,Doroteya,Dummer,ddummerar@arstechnica.com,Female,212.177.253.165
2389,Jaymee,Daldan,jdaldanas@mtv.com,Female,147.31.199.16
2390,Anneliese,Chetwind,achetwindat@shinystat.com,Non-binary,244.208.129.193
2391,Birk,Attenbarrow,battenbarrowau@tamu.edu,Male,17.115.167.100
2392,Chrotoem,Widocks,cwidocksav@biglobe.ne.jp,Male,74.126.109.43
2393,Isobel,MacLardie,imaclardieaw@wp.com,Female,23.237.16.242
2394,Pietrek,Fernyhough,pfernyhoughax@cyberchimps.com,Male,2.37.72.43
2395,Moses,Soane,msoaneay@wisc.edu,Male,110.136.155.241
2396,Tynan,Devericks,tdevericksaz@vk.com,Male,5.22.175.93
2397,Oralee,Mithan,omithanb0@domainmarket.com,Female,152.59.149.67
2398,Kendal,Londsdale,klondsdaleb1@github.com,Male,45.248.124.45
2399,Charmian,Pilipyak,cpilipyakb2@mac.com,Female,195.96.33.172
2400,Paxon,Furness,pfurnessb3@prnewswire.com,Male,79.150.46.95
2401,Valentine,Trayhorn,vtrayhornb4@census.gov,Female,38.49.34.49
2402,Patin,Syrie,psyrieb5@infoseek.co.jp,Male,170.215.133.227
2403,Kelly,Martynikhin,kmartynikhinb6@senate.gov,Female,201.245.23.39
2404,Erica,Terron,eterronb7@cnbc.com,Female,31.224.12.83
2405,Syd,Tremberth,stremberthb8@symantec.com,Male,124.237.11.148
2406,Rainer,Arnason,rarnasonb9@sitemeter.com,Male,125.91.38.113
2407,Fallon,Thonger,fthongerba@latimes.com,Female,104.170.49.72
2408,Kaycee,Bourdis,kbourdisbb@imgur.com,Female,111.63.79.53
2409,Chucho,O'Dreain,codreainbc@dion.ne.jp,Male,165.161.240.249
2410,Davide,Dutnall,ddutnallbd@yolasite.com,Male,223.124.179.60
2411,Christoph,Pavek,cpavekbe@sun.com,Male,66.230.242.212
2412,Henry,Hoogendorp,hhoogendorpbf@artisteer.com,Male,21.79.192.226
2413,Vikki,Saket,vsaketbg@imgur.com,Female,54.32.162.255
2414,Birch,Roffe,broffebh@mapquest.com,Male,192.92.239.91
2415,Wilmette,Schulz,wschulzbi@wikimedia.org,Female,62.188.179.36
2416,Gabriellia,Delia,gdeliabj@aol.com,Female,170.100.86.185
2417,Curcio,Gershom,cgershombk@ftc.gov,Genderqueer,162.204.84.87
2418,Agatha,Mackett,amackettbl@home.pl,Non-binary,149.12.69.156
2419,Cristobal,Polet,cpoletbm@blogspot.com,Male,97.111.205.204
2420,Tressa,Linggard,tlinggardbn@hugedomains.com,Female,138.250.41.252
2421,Quill,Streeting,qstreetingbo@mit.edu,Polygender,222.138.150.52
2422,Annissa,Longfield,alongfieldbp@a8.net,Female,35.72.243.135
2423,Silvio,Knoble,sknoblebq@behance.net,Genderqueer,67.44.205.210
2424,Colline,Collard,ccollardbr@furl.net,Genderqueer,157.218.54.97
2425,Drusy,Barnard,dbarnardbs@chronoengine.com,Female,69.50.199.197
2426,Judas,Reihill,jreihillbt@intel.com,Male,94.225.10.254
2427,Skelly,Clingan,sclinganbu@senate.gov,Male,17.57.95.157
2428,Keir,Hurdis,khurdisbv@wunderground.com,Male,111.167.88.111
2429,Denney,Boutell,dboutellbw@quantcast.com,Male,254.248.218.74
2430,Julie,Hepher,jhepherbx@gov.uk,Male,246.71.122.174
2431,Niko,Behninck,nbehninckby@jigsy.com,Male,74.44.24.28
2432,Derron,Twallin,dtwallinbz@123-reg.co.uk,Male,248.155.66.137
2433,Sofie,Heyward,sheywardc0@earthlink.net,Female,109.163.200.134
2434,Tiffanie,Yurlov,tyurlovc1@mozilla.com,Agender,49.193.44.160
2435,Lowrance,Cotter,lcotterc2@narod.ru,Male,32.2.105.6
2436,Wendy,Tafani,wtafanic3@bigcartel.com,Female,184.125.123.175
2437,Carmela,McDool,cmcdoolc4@paginegialle.it,Agender,64.151.134.73
2438,Montague,Hiseman,mhisemanc5@infoseek.co.jp,Male,93.5.33.185
2439,Tammara,Ineson,tinesonc6@zdnet.com,Non-binary,170.59.85.4
2440,Aloin,Freeborn,afreebornc7@globo.com,Genderfluid,181.132.52.75
2441,Carr,Ickov,cickovc8@tmall.com,Male,199.88.186.48
2442,Meara,Moehle,mmoehlec9@mozilla.org,Female,170.67.100.148
2443,Joline,Fownes,jfownesca@wp.com,Female,115.42.199.222
2444,Arley,Goeff,agoeffcb@ezinearticles.com,Male,178.230.244.40
2445,Rip,Stoyell,rstoyellcc@utexas.edu,Male,188.250.230.74
2446,Ainsley,Chattington,achattingtoncd@tamu.edu,Female,243.245.14.96
2447,Nicky,McDonough,nmcdonoughce@ameblo.jp,Male,28.40.111.91
2448,Tiffani,MacKettrick,tmackettrickcf@deviantart.com,Genderfluid,222.92.42.251
2449,Pansie,Fackrell,pfackrellcg@wikia.com,Female,116.87.136.226
2450,Ware,Budding,wbuddingch@nifty.com,Male,3.229.35.103
2451,Nils,Sheldrick,nsheldrickci@naver.com,Male,38.202.105.150
2452,Faye,Casaccia,fcasacciacj@google.com.hk,Female,246.252.150.50
2453,Rabbi,Cruickshanks,rcruickshanksck@freewebs.com,Male,67.25.225.211
2454,Renault,Raynes,rraynescl@webnode.com,Male,11.102.91.250
2455,Joellyn,France,jfrancecm@yale.edu,Female,129.168.115.16
2456,Wittie,Fidelus,wfideluscn@cornell.edu,Male,91.246.108.60
2457,Merwyn,McElane,mmcelaneco@wunderground.com,Male,110.59.224.60
2458,Sibylla,Wloch,swlochcp@theatlantic.com,Female,201.7.133.221
2459,Eadie,Atter,eattercq@toplist.cz,Non-binary,59.16.11.217
2460,Denna,Burgen,dburgencr@mayoclinic.com,Female,190.215.79.156
2461,Sadella,Clementi,sclementics@gizmodo.com,Female,9.86.53.159
2462,Caralie,Penfold,cpenfoldct@flavors.me,Female,39.191.100.60
2463,Forbes,Bolwell,fbolwellcu@ed.gov,Male,204.11.135.7
2464,Randolph,Balducci,rbalduccicv@psu.edu,Male,92.33.91.186
2465,Arleta,Nelles,anellescw@w3.org,Female,110.93.244.13
2466,Finlay,Rope,fropecx@privacy.gov.au,Agender,182.242.126.18
2467,Griz,McKiddin,gmckiddincy@yahoo.co.jp,Bigender,38.212.178.13
2468,Shanon,Pulford,spulfordcz@constantcontact.com,Female,193.193.90.158
2469,Mae,Grigoli,mgrigolid0@nhs.uk,Female,151.100.29.88
2470,Ganny,Keener,gkeenerd1@deviantart.com,Male,55.17.165.161
2471,Garvy,Stowgill,gstowgilld2@g.co,Male,137.125.8.134
2472,Kerwin,Whellans,kwhellansd3@bbc.co.uk,Male,145.63.170.231
2473,Roderigo,Jeffreys,rjeffreysd4@rakuten.co.jp,Male,65.109.135.151
2474,Devin,McColley,dmccolleyd5@amazon.co.jp,Male,115.115.110.16
2475,Flynn,Howe,fhowed6@com.com,Male,54.104.34.194
2476,Doe,McCurley,dmccurleyd7@photobucket.com,Female,37.210.168.198
2477,Allie,Toomey,atoomeyd8@etsy.com,Female,208.209.184.243
2478,Munmro,Brechin,mbrechind9@chicagotribune.com,Male,146.142.116.191
2479,Myrta,Silbermann,msilbermannda@reverbnation.com,Female,114.215.162.188
2480,Glenden,Daventry,gdaventrydb@dailymail.co.uk,Male,42.55.167.153
2481,Gnni,Greendale,ggreendaledc@naver.com,Female,27.100.103.51
2482,Kristien,Tewnion,ktewniondd@artisteer.com,Female,43.183.121.214
2483,Ingar,Puddefoot,ipuddefootde@harvard.edu,Male,118.15.165.166
2484,Jory,Blankenship,jblankenshipdf@fastcompany.com,Male,142.48.78.54
2485,Charita,Moyce,cmoycedg@cornell.edu,Female,97.232.174.170
2486,Minni,Wellington,mwellingtondh@msu.edu,Female,74.53.143.197
2487,Lyndell,Lough,lloughdi@businessweek.com,Female,232.158.62.24
2488,Enrika,Lighten,elightendj@tripod.com,Female,20.4.245.72
2489,Ashley,Halshaw,ahalshawdk@quantcast.com,Male,79.226.28.110
2490,Guillema,Parrot,gparrotdl@sina.com.cn,Female,17.16.74.101
2491,Conrado,Nutbeem,cnutbeemdm@ucsd.edu,Male,39.37.129.91
2492,Dallas,Skakunas,dskakunasdn@admin.ch,Female,221.157.169.240
2493,Carmencita,Firbank,cfirbankdo@usatoday.com,Agender,84.106.46.231
2494,Frederic,Fenimore,ffenimoredp@comcast.net,Male,47.22.16.62
2495,Emlen,Geipel,egeipeldq@mashable.com,Male,7.251.123.243
2496,Gene,Birds,gbirdsdr@etsy.com,Female,41.254.181.46
2497,Elisha,Real,erealds@list-manage.com,Female,187.144.92.124
2498,Irita,Mulheron,imulherondt@etsy.com,Female,157.7.241.23
2499,Papageno,Habden,phabdendu@deliciousdays.com,Male,184.35.170.57
2500,Nicky,Smallpiece,nsmallpiecedv@4shared.com,Male,166.32.72.52
2501,Cal,McKeighen,cmckeighendw@histats.com,Male,41.37.248.189
2502,Blair,Ferschke,bferschkedx@imgur.com,Male,202.20.162.6
2503,Yulma,Ridge,yridgedy@ebay.com,Male,104.98.109.214
2504,Allie,Novik,anovikdz@istockphoto.com,Female,70.234.23.177
2505,Elene,Dene,edenee0@columbia.edu,Female,208.239.40.83
2506,Arlena,Dispencer,adispencere1@tripadvisor.com,Genderqueer,173.160.83.200
2507,Dorie,Prescote,dprescotee2@myspace.com,Male,19.227.142.83
2508,Rosita,Setterington,rsetteringtone3@state.gov,Female,168.52.100.187
2509,Tim,Hearst,thearste4@ocn.ne.jp,Male,195.71.146.31
2510,Lalo,Leinster,lleinstere5@nature.com,Male,80.72.3.40
2511,Merrill,Matson,mmatsone6@paypal.com,Male,21.11.154.221
2512,Dody,Gullan,dgullane7@blogger.com,Female,163.77.70.85
2513,Zelda,Cornels,zcornelse8@symantec.com,Female,158.211.23.23
2514,Jess,Mollindinia,jmollindiniae9@feedburner.com,Male,201.168.115.67
2515,Mariquilla,Mabb,mmabbea@sourceforge.net,Female,93.230.0.113
2516,Immanuel,McCloy,imccloyeb@tumblr.com,Male,23.250.193.211
2517,Wallace,Gowenlock,wgowenlockec@china.com.cn,Male,219.104.39.252
2518,Cathyleen,Warboy,cwarboyed@weibo.com,Female,133.245.35.250
2519,Harald,Divisek,hdivisekee@unc.edu,Male,97.26.162.63
2520,Illa,Yurygyn,iyurygynef@aol.com,Non-binary,137.10.84.47
2521,Angelico,Ostrich,aostricheg@51.la,Male,146.54.253.105
2522,Dean,MacCheyne,dmaccheyneeh@bluehost.com,Male,13.66.158.31
2523,Peta,Binham,pbinhamei@facebook.com,Female,196.177.225.145
2524,Manda,Jacobsen,mjacobsenej@gnu.org,Female,47.130.203.77
2525,Sibilla,Hillan,shillanek@comsenz.com,Female,183.255.38.108
2526,Gabriellia,Batey,gbateyel@bloomberg.com,Female,53.32.9.240
2527,Maressa,Dybbe,mdybbeem@istockphoto.com,Female,240.94.125.236
2528,Berrie,Delahunt,bdelahunten@comcast.net,Female,131.244.243.56
2529,Lizzy,Sandbatch,lsandbatcheo@engadget.com,Female,49.7.68.180
2530,Gasparo,Elfes,gelfesep@techcrunch.com,Male,30.227.224.151
2531,Cobbie,Clohisey,cclohiseyeq@bizjournals.com,Male,199.168.10.213
2532,Nelson,Hitcham,nhitchamer@mashable.com,Male,66.92.160.17
2533,Rogers,Budik,rbudikes@auda.org.au,Male,168.23.130.240
2534,Dona,Bedin,dbedinet@rakuten.co.jp,Female,152.30.155.229
2535,Grata,Ryley,gryleyeu@mysql.com,Female,43.62.183.58
2536,Dorey,Kelk,dkelkev@epa.gov,Male,218.198.24.241
2537,Kurt,Haslock(e),khaslockeew@geocities.jp,Male,229.128.120.188
2538,Dniren,Kalisch,dkalischex@edublogs.org,Female,43.214.9.244
2539,Micky,MacColm,mmaccolmey@goo.gl,Male,149.73.59.18
2540,Cosmo,Giral,cgiralez@census.gov,Male,228.194.200.1
2541,Calvin,Chambers,cchambersf0@diigo.com,Male,111.251.162.46
2542,Carlin,Shapero,cshaperof1@trellian.com,Male,46.5.152.138
2543,Tarah,Sambath,tsambathf2@admin.ch,Female,70.204.4.94
2544,Estrella,Coltman,ecoltmanf3@mapy.cz,Female,77.229.224.42
2545,Inness,Hellmer,ihellmerf4@devhub.com,Male,211.240.52.207
2546,Rona,Battrick,rbattrickf5@upenn.edu,Female,3.38.144.215
2547,Judon,Hebbes,jhebbesf6@themeforest.net,Male,96.13.240.176
2548,Ronny,Bernolet,rbernoletf7@alibaba.com,Male,33.169.64.102
2549,Prue,Splevin,psplevinf8@squarespace.com,Female,35.214.128.245
2550,Ulric,Hearon,uhearonf9@vk.com,Male,59.40.169.54
2551,Jule,Keattch,jkeattchfa@amazon.co.uk,Male,238.108.23.213
2552,Randall,Mathews,rmathewsfb@youku.com,Male,73.88.219.236
2553,Andriana,Banbrook,abanbrookfc@1688.com,Female,203.236.208.125
2554,Kermy,Bownde,kbowndefd@furl.net,Male,156.219.172.85
2555,Hillel,Micallef,hmicalleffe@cyberchimps.com,Male,217.211.24.156
2556,Remington,Swaisland,rswaislandff@java.com,Male,47.107.149.94
2557,Hadria,Baress,hbaressfg@digg.com,Female,239.250.138.0
2558,Karlis,Sandys,ksandysfh@geocities.com,Male,243.202.177.127
2559,Florette,Cawcutt,fcawcuttfi@qq.com,Female,177.169.51.78
2560,Amory,Balme,abalmefj@reverbnation.com,Male,65.173.211.144
2561,Petey,Kildahl,pkildahlfk@posterous.com,Male,172.198.187.88
2562,Merry,Ivasyushkin,mivasyushkinfl@wiley.com,Male,181.138.124.67
2563,Ettie,Calltone,ecalltonefm@wisc.edu,Female,140.166.123.27
2564,Elia,Methven,emethvenfn@geocities.jp,Male,106.9.215.230
2565,Mal,Waddingham,mwaddinghamfo@studiopress.com,Male,99.195.24.132
2566,Niven,Bendare,nbendarefp@usnews.com,Agender,211.241.62.213
2567,Siouxie,Makey,smakeyfq@umich.edu,Female,136.251.114.137
2568,Charlean,Dabling,cdablingfr@reference.com,Agender,24.53.54.109
2569,Margarette,Banger,mbangerfs@ycombinator.com,Female,188.179.172.229
2570,Inna,Gaule,igauleft@disqus.com,Female,243.217.122.182
2571,Jsandye,Nickolls,jnickollsfu@alibaba.com,Female,84.41.139.14
2572,Joelie,Whifen,jwhifenfv@yahoo.co.jp,Female,172.115.89.51
2573,Magdalena,Jarratt,mjarrattfw@ucoz.com,Female,144.156.0.46
2574,Chiarra,Mish,cmishfx@latimes.com,Genderfluid,123.189.53.199
2575,Oriana,Hirtzmann,ohirtzmannfy@drupal.org,Female,177.65.102.254
2576,Ericha,York,eyorkfz@blogger.com,Female,20.146.119.211
2577,Innis,Stinson,istinsong0@skype.com,Male,26.48.127.110
2578,Tymon,Archbold,tarchboldg1@slideshare.net,Male,209.124.187.55
2579,Nadeen,Hlavac,nhlavacg2@guardian.co.uk,Female,225.122.150.28
2580,Morgana,Hedley,mhedleyg3@oracle.com,Female,169.178.0.169
2581,Deborah,Morratt,dmorrattg4@opera.com,Female,87.5.66.105
2582,Aida,Bagehot,abagehotg5@sfgate.com,Female,156.37.80.239
2583,Morie,Mant,mmantg6@bbc.co.uk,Agender,120.11.250.200
2584,Simeon,Teissier,steissierg7@wisc.edu,Male,159.237.168.19
2585,Thekla,Raggitt,traggittg8@accuweather.com,Female,52.33.48.47
2586,Walliw,Brookes,wbrookesg9@desdev.cn,Female,158.15.154.8
2587,Olag,Brouncker,obrounckerga@bbc.co.uk,Male,11.71.168.235
2588,Netty,Van Oord,nvanoordgb@amazon.com,Female,130.27.97.187
2589,Cesare,Glanders,cglandersgc@domainmarket.com,Male,78.208.106.240
2590,Eadith,Sugg,esugggd@home.pl,Female,172.84.115.215
2591,Bethany,Chastang,bchastangge@mit.edu,Female,53.253.220.47
2592,Jessey,Howselee,jhowseleegf@mysql.com,Male,217.248.127.252
2593,Shandeigh,Sidwick,ssidwickgg@smugmug.com,Female,167.171.88.240
2594,Katine,Tolfrey,ktolfreygh@noaa.gov,Bigender,210.91.24.115
2595,Vinny,Menault,vmenaultgi@comsenz.com,Female,111.195.166.171
2596,Barbabas,Trenholm,btrenholmgj@goodreads.com,Male,42.116.230.190
2597,Cordie,Halls,challsgk@wikipedia.org,Bigender,108.13.135.83
2598,Thorvald,Danes,tdanesgl@ft.com,Male,154.215.170.172
2599,Robin,Mountlow,rmountlowgm@pinterest.com,Agender,225.85.84.187
2600,Gaylene,Chellingworth,gchellingworthgn@wired.com,Female,141.73.70.254
2601,Cathee,Frohock,cfrohockgo@4shared.com,Female,58.247.126.26
2602,Sergeant,Brugger,sbruggergp@github.com,Male,141.196.207.111
2603,Adolphe,Krier,akriergq@springer.com,Agender,249.215.163.111
2604,Jayne,Osselton,josseltongr@mac.com,Genderfluid,72.164.116.18
2605,Claudie,Oglesbee,coglesbeegs@walmart.com,Female,139.206.216.176
2606,Alecia,Huston,ahustongt@usa.gov,Agender,71.178.210.59
2607,Zulema,Maddaford,zmaddafordgu@dion.ne.jp,Genderfluid,112.215.183.147
2608,Sella,Portigall,sportigallgv@yale.edu,Female,235.16.205.82
2609,Rodge,Gourley,rgourleygw@qq.com,Male,108.225.153.52
2610,Riannon,Vivash,rvivashgx@yahoo.com,Female,50.90.163.94
2611,Eugenia,Du Plantier,eduplantiergy@ebay.co.uk,Agender,121.254.42.186
2612,Charmion,Cardwell,ccardwellgz@xing.com,Female,250.74.91.14
2613,Sasha,True,strueh0@comsenz.com,Male,32.24.190.53
2614,Rowe,Girodon,rgirodonh1@nba.com,Female,103.54.17.179
2615,Jedd,Ludovici,jludovicih2@istockphoto.com,Male,157.26.53.7
2616,Freddie,Goozee,fgoozeeh3@photobucket.com,Female,184.146.235.198
2617,Jorgan,Staddon,jstaddonh4@toplist.cz,Male,150.112.99.181
2618,Vinnie,Bank,vbankh5@deliciousdays.com,Male,6.188.94.145
2619,Dennison,Puttrell,dputtrellh6@indiegogo.com,Male,209.37.123.213
2620,Far,Dur,fdurh7@nature.com,Male,232.159.211.208
2621,Frederich,Hoggan,fhogganh8@discovery.com,Male,204.92.186.60
2622,Bud,Braidwood,bbraidwoodh9@biglobe.ne.jp,Male,219.247.229.165
2623,Conrado,Cottee,ccotteeha@prlog.org,Male,32.70.153.121
2624,Thorndike,Braunston,tbraunstonhb@sina.com.cn,Male,57.239.189.219
2625,Svend,Andreia,sandreiahc@ifeng.com,Male,24.57.216.235
2626,Tina,Gotobed,tgotobedhd@addthis.com,Female,1.12.182.66
2627,Debbi,Lagne,dlagnehe@purevolume.com,Female,70.246.57.47
2628,Trev,Arnli,tarnlihf@unicef.org,Male,208.107.239.65
2629,Lisbeth,Lindenberg,llindenberghg@noaa.gov,Female,35.224.232.164
2630,Holly,Whybrow,hwhybrowhh@networksolutions.com,Male,32.84.176.21
2631,Brunhilde,Stone,bstonehi@nps.gov,Female,227.134.233.138
2632,Mahmoud,Laird,mlairdhj@etsy.com,Male,248.75.141.115
2633,Salomon,Abbett,sabbetthk@engadget.com,Male,185.224.220.85
2634,Skye,Pruce,sprucehl@forbes.com,Male,224.19.52.67
2635,Rossy,Di Claudio,rdiclaudiohm@wunderground.com,Male,14.56.25.39
2636,Natal,Lasham,nlashamhn@house.gov,Male,233.225.174.236
2637,Tommi,Sprosson,tsprossonho@jiathis.com,Female,247.78.240.62
2638,Collete,Abramino,cabraminohp@i2i.jp,Female,135.225.47.150
2639,Dulcie,Tittletross,dtittletrosshq@msu.edu,Female,132.199.73.181
2640,Sharona,Lillegard,slillegardhr@usda.gov,Female,242.110.127.220
2641,Chandal,Niess,cniesshs@house.gov,Genderqueer,108.159.223.199
2642,Merrill,Cestard,mcestardht@yellowpages.com,Male,250.243.212.20
2643,Frederick,Ekins,fekinshu@usa.gov,Male,215.4.36.174
2644,Shepherd,Greenall,sgreenallhv@issuu.com,Male,172.94.115.216
2645,Romona,Christol,rchristolhw@businesswire.com,Female,6.76.88.107
2646,Justine,Shear,jshearhx@shop-pro.jp,Female,196.66.100.83
2647,Taylor,Weth,twethhy@feedburner.com,Male,219.155.126.212
2648,Glynis,Wildsmith,gwildsmithhz@dailymail.co.uk,Female,154.163.47.217
2649,Margalo,Maryet,mmaryeti0@amazonaws.com,Female,210.157.76.225
2650,Farr,Manthroppe,fmanthroppei1@kickstarter.com,Male,140.187.23.236
2651,Aile,Stobbe,astobbei2@sciencedaily.com,Female,191.100.142.93
2652,Trenna,Brightling,tbrightlingi3@bbb.org,Female,88.151.126.58
2653,Mortimer,D'Abbot-Doyle,mdabbotdoylei4@shutterfly.com,Male,17.75.139.151
2654,Dorey,Kilmary,dkilmaryi5@naver.com,Male,81.178.61.26
2655,Robinia,Sabater,rsabateri6@wiley.com,Female,13.144.122.193
2656,Ferdinanda,Sooley,fsooleyi7@netlog.com,Female,91.220.173.37
2657,Carmina,Holsey,cholseyi8@gnu.org,Female,8.183.218.215
2658,Bianka,Sorton,bsortoni9@histats.com,Female,43.73.181.185
2659,Conrade,Achrameev,cachrameevia@mapy.cz,Male,169.198.248.81
2660,Alejandrina,Barrowcliffe,abarrowcliffeib@ask.com,Female,253.226.0.138
2661,Florentia,Croal,fcroalic@list-manage.com,Female,29.241.178.153
2662,Pierre,Moncey,pmonceyid@sun.com,Male,218.235.162.90
2663,Florentia,Cadden,fcaddenie@bravesites.com,Female,77.142.99.116
2664,Amabelle,Cordero,acorderoif@facebook.com,Female,194.190.174.8
2665,Erl,Andriulis,eandriulisig@un.org,Male,162.52.80.254
2666,Betteann,Bastock,bbastockih@furl.net,Non-binary,192.178.224.107
2667,Robert,Ankrett,rankrettii@linkedin.com,Male,180.127.155.94
2668,Jessika,Goodyer,jgoodyerij@php.net,Female,110.31.101.215
2669,Adair,Jillard,ajillardik@columbia.edu,Male,58.219.86.140
2670,Kikelia,Rostern,krosternil@webs.com,Female,59.123.101.253
2671,Buckie,Licciardo,blicciardoim@privacy.gov.au,Male,156.2.111.205
2672,Remington,Snowding,rsnowdingin@nbcnews.com,Male,145.181.161.184
2673,Gill,Areles,garelesio@angelfire.com,Female,210.221.117.43
2674,Alvie,Crowd,acrowdip@amazon.de,Male,180.40.82.131
2675,Krysta,Wolford,kwolfordiq@bbc.co.uk,Female,238.142.45.36
2676,Durand,Chishull,dchishullir@woothemes.com,Male,16.94.127.140
2677,Ben,Giannasi,bgiannasiis@mapy.cz,Male,127.206.39.37
2678,Torr,Harral,tharralit@goodreads.com,Agender,128.156.205.131
2679,Chris,Hewins,chewinsiu@redcross.org,Male,46.254.123.86
2680,Alvan,Rosenhaus,arosenhausiv@bandcamp.com,Male,141.156.138.142
2681,Lancelot,Deer,ldeeriw@discovery.com,Male,156.70.97.130
2682,Jonah,Buntine,jbuntineix@jimdo.com,Male,116.43.172.10
2683,Amalie,Rickis,arickisiy@abc.net.au,Female,121.233.245.65
2684,Wallace,Bashford,wbashfordiz@cbc.ca,Male,56.21.39.193
2685,Hale,Appleton,happletonj0@hubpages.com,Genderfluid,252.248.211.70
2686,Cristobal,Greggs,cgreggsj1@hud.gov,Male,166.40.185.58
2687,Natasha,Swetland,nswetlandj2@nyu.edu,Genderqueer,65.76.72.47
2688,Westbrook,Easman,weasmanj3@amazonaws.com,Non-binary,15.148.220.74
2689,Janeczka,Constant,jconstantj4@indiegogo.com,Female,35.237.48.211
2690,Frasier,Pedrol,fpedrolj5@cisco.com,Male,64.188.218.191
2691,Milli,Ingerith,mingerithj6@nbcnews.com,Genderqueer,41.45.207.88
2692,Melosa,Kruger,mkrugerj7@blog.com,Female,87.7.104.68
2693,Wally,Bucky,wbuckyj8@ocn.ne.jp,Female,21.229.85.13
2694,Marlon,Salvadori,msalvadorij9@moonfruit.com,Male,37.139.173.244
2695,Eryn,Risbrough,erisbroughja@berkeley.edu,Female,139.152.114.35
2696,Thorpe,Lilloe,tlilloejb@slate.com,Male,88.149.40.225
2697,Heinrick,Demongeot,hdemongeotjc@alexa.com,Male,51.241.56.184
2698,Katrine,Earnshaw,kearnshawjd@nature.com,Female,206.205.95.214
2699,Amaleta,McPhelimy,amcphelimyje@unicef.org,Female,4.28.12.135
2700,Gearard,Fiddiman,gfiddimanjf@ibm.com,Male,16.38.33.14
2701,Dallas,Percy,dpercyjg@nsw.gov.au,Non-binary,28.66.77.46
2702,Wolfy,Bouda,wboudajh@washington.edu,Male,238.213.11.136
2703,Jeri,Blaxall,jblaxallji@1und1.de,Female,200.165.41.29
2704,Venus,Rooze,vroozejj@altervista.org,Female,97.55.166.242
2705,Fidel,Attryde,fattrydejk@desdev.cn,Male,52.139.167.89
2706,Abigale,Mossom,amossomjl@ameblo.jp,Female,120.73.228.104
2707,Bibby,Adamczewski,badamczewskijm@sina.com.cn,Female,188.15.148.235
2708,Silvie,Grimwade,sgrimwadejn@paypal.com,Female,114.220.83.54
2709,Neile,Duckhouse,nduckhousejo@nifty.com,Female,136.194.228.150
2710,Sula,Brideoke,sbrideokejp@wikia.com,Female,54.114.226.151
2711,Felipe,Dummer,fdummerjq@studiopress.com,Male,77.111.19.181
2712,Conny,Erbe,cerbejr@vistaprint.com,Male,158.253.73.196
2713,Brander,Mosdill,bmosdilljs@narod.ru,Male,182.249.32.45
2714,Theo,Bothams,tbothamsjt@liveinternet.ru,Male,210.23.134.125
2715,Jarib,Gandey,jgandeyju@lulu.com,Male,95.203.116.140
2716,Hall,Geeve,hgeevejv@google.co.uk,Male,90.213.150.229
2717,Sherline,Milkeham,smilkehamjw@washington.edu,Female,32.196.241.243
2718,Harmony,Kliche,hklichejx@redcross.org,Non-binary,249.133.255.85
2719,Erick,Kelshaw,ekelshawjy@irs.gov,Agender,30.145.215.105
2720,Jenine,Dober,jdoberjz@hibu.com,Female,153.72.149.87
2721,Jacquenetta,Rowthorne,jrowthornek0@answers.com,Female,129.253.146.189
2722,Travis,Ortner,tortnerk1@hc360.com,Male,143.161.176.82
2723,Ode,Jonin,ojonink2@twitpic.com,Male,224.221.181.112
2724,Donica,Mourton,dmourtonk3@hc360.com,Female,111.186.25.84
2725,Barnard,Downham,bdownhamk4@va.gov,Male,224.23.113.221
2726,Lawton,Phelips,lphelipsk5@xrea.com,Male,148.36.187.200
2727,Blake,Castiblanco,bcastiblancok6@tripod.com,Female,164.239.196.61
2728,Floris,Attaway,fattawayk7@illinois.edu,Female,157.51.202.95
2729,Alix,Kembley,akembleyk8@seesaa.net,Male,156.104.7.134
2730,Jedidiah,Farnsworth,jfarnsworthk9@bloomberg.com,Male,188.24.221.1
2731,Ophelie,Carlucci,ocarluccika@squarespace.com,Female,202.232.42.158
2732,Gerri,Hussey,ghusseykb@yellowpages.com,Male,211.96.148.71
2733,Karon,Tesmond,ktesmondkc@seesaa.net,Female,253.235.143.54
2734,Yorgo,MacCook,ymaccookkd@addthis.com,Male,225.169.42.169
2735,Aaren,Flewan,aflewanke@addthis.com,Bigender,165.17.0.244
2736,Stanley,Pautot,spautotkf@360.cn,Male,179.193.183.56
2737,Chuck,Twigley,ctwigleykg@naver.com,Male,235.46.251.46
2738,Ronica,Eldon,reldonkh@e-recht24.de,Female,213.243.107.188
2739,Berky,Dossit,bdossitki@pen.io,Male,14.211.231.127
2740,Cy,Chese,cchesekj@istockphoto.com,Male,0.151.196.166
2741,Hesther,Torbet,htorbetkk@amazon.com,Female,156.10.78.9
2742,Wakefield,Marcinkowski,wmarcinkowskikl@abc.net.au,Genderfluid,0.163.155.73
2743,Eolanda,Whellans,ewhellanskm@blogger.com,Female,223.179.182.122
2744,Kayne,Sargint,ksargintkn@lulu.com,Male,19.17.190.238
2745,Doroteya,McCaghan,dmccaghanko@discuz.net,Female,98.44.182.89
2746,Culley,Reckus,creckuskp@cocolog-nifty.com,Male,42.242.21.196
2747,Costa,Clemmen,cclemmenkq@reddit.com,Male,69.143.246.207
2748,Mohammed,Besant,mbesantkr@lycos.com,Male,69.129.167.114
2749,Beverley,Vannuchi,bvannuchiks@bluehost.com,Female,163.238.210.125
2750,Neddie,Predohl,npredohlkt@sourceforge.net,Agender,116.221.163.205
2751,Martainn,Cross,mcrossku@sciencedirect.com,Male,99.71.229.204
2752,Allistir,Doy,adoykv@bluehost.com,Male,123.115.158.98
2753,Rubina,Conaghan,rconaghankw@businessinsider.com,Female,117.39.145.46
2754,Elly,Gillford,egillfordkx@seesaa.net,Female,87.161.63.211
2755,Karlene,Lambourne,klambourneky@yelp.com,Female,84.226.132.76
2756,Even,Dimock,edimockkz@sphinn.com,Male,144.237.119.162
2757,Aviva,Devita,adevital0@163.com,Female,156.135.253.177
2758,Rawley,Limming,rlimmingl1@alexa.com,Male,33.51.113.76
2759,Godiva,Orto,gortol2@reddit.com,Female,228.14.134.211
2760,Kaja,Lornsen,klornsenl3@yolasite.com,Female,59.152.123.240
2761,Irving,Duffill,iduffilll4@google.ru,Male,200.164.251.228
2762,Mollie,Clousley,mclousleyl5@bizjournals.com,Female,228.76.154.136
2763,Tallulah,Skaid,tskaidl6@webmd.com,Female,180.226.4.231
2764,Cherlyn,Nicol,cnicoll7@upenn.edu,Female,65.44.230.117
2765,Orbadiah,Rein,oreinl8@mozilla.org,Male,232.249.189.196
2766,Darryl,Lilleman,dlillemanl9@istockphoto.com,Genderfluid,81.165.242.50
2767,Rodge,Mulhall,rmulhallla@pinterest.com,Male,54.129.231.219
2768,Lissa,Naisby,lnaisbylb@intel.com,Female,195.50.185.14
2769,Temple,Barson,tbarsonlc@guardian.co.uk,Male,58.217.166.222
2770,Etti,Nutty,enuttyld@biglobe.ne.jp,Female,159.169.58.136
2771,Blair,Bechley,bbechleyle@yellowpages.com,Male,7.95.119.113
2772,Norrie,Dybald,ndybaldlf@nymag.com,Male,33.31.239.56
2773,Carolynn,McCotter,cmccotterlg@ed.gov,Female,75.25.195.166
2774,Lainey,Dun,ldunlh@webeden.co.uk,Female,23.90.223.247
2775,Gertrudis,Garfield,ggarfieldli@sogou.com,Female,102.29.86.192
2776,Kania,Bernhardt,kbernhardtlj@nature.com,Female,237.0.80.48
2777,Mariska,Durand,mdurandlk@t.co,Female,199.122.15.0
2778,Frieda,Crellim,fcrellimll@wikimedia.org,Female,44.190.3.162
2779,Dalt,Flores,dfloreslm@e-recht24.de,Male,205.251.15.178
2780,Sandor,Limbrick,slimbrickln@nymag.com,Male,228.139.234.4
2781,Guillemette,Kobus,gkobuslo@bloglines.com,Female,48.185.216.146
2782,Mirabelle,Stoute,mstoutelp@wikispaces.com,Female,126.166.223.3
2783,Teador,Cellone,tcellonelq@wix.com,Male,41.181.101.38
2784,Roderich,Baudou,rbaudoulr@europa.eu,Male,90.110.219.210
2785,Cynde,Hawkey,chawkeyls@scientificamerican.com,Female,218.142.143.99
2786,Judon,Stonbridge,jstonbridgelt@fotki.com,Male,79.71.114.80
2787,Adolph,Kelloch,akellochlu@google.com,Male,12.11.158.147
2788,Corenda,Fishleigh,cfishleighlv@alexa.com,Female,48.249.140.60
2789,Daisi,Tills,dtillslw@mail.ru,Female,200.135.203.7
2790,Collete,Wozencraft,cwozencraftlx@moonfruit.com,Female,107.195.141.112
2791,Ludvig,Dellatorre,ldellatorrely@purevolume.com,Male,155.6.7.169
2792,Halli,Howell,hhowelllz@bandcamp.com,Female,143.41.106.232
2793,Lilly,Currer,lcurrerm0@sfgate.com,Female,224.174.165.60
2794,Kaitlynn,Gimson,kgimsonm1@answers.com,Female,52.149.90.171
2795,Helaine,Downing,hdowningm2@google.co.jp,Female,157.229.138.152
2796,Sharl,Duffell,sduffellm3@reuters.com,Bigender,176.34.111.85
2797,Maximo,Colgan,mcolganm4@is.gd,Male,152.29.51.238
2798,Drew,Beardwood,dbeardwoodm5@sbwire.com,Male,138.32.41.131
2799,Dela,Lagneaux,dlagneauxm6@sakura.ne.jp,Female,1.136.47.47
2800,Hanson,Killiner,hkillinerm7@skype.com,Male,125.166.2.248
2801,Kiri,Beggin,kbegginm8@mozilla.com,Female,124.136.227.16
2802,Durant,Deppen,ddeppenm9@whitehouse.gov,Male,62.250.93.239
2803,Roscoe,Charters,rchartersma@imdb.com,Male,127.17.254.248
2804,Odessa,Petroff,opetroffmb@istockphoto.com,Female,131.148.167.145
2805,Ulberto,Gyppes,ugyppesmc@amazonaws.com,Male,176.115.76.41
2806,Hayward,Tingey,htingeymd@twitpic.com,Agender,157.194.206.74
2807,Hyacinthie,Stiffkins,hstiffkinsme@arizona.edu,Female,164.246.16.85
2808,Bruce,Radley,bradleymf@cbslocal.com,Genderfluid,16.188.99.116
2809,Beaufort,Robson,brobsonmg@ted.com,Male,37.97.107.36
2810,Larine,Marshallsay,lmarshallsaymh@infoseek.co.jp,Female,148.188.21.114
2811,Northrup,Langston,nlangstonmi@ask.com,Male,181.136.111.159
2812,Gelya,Banke,gbankemj@senate.gov,Female,175.125.173.176
2813,Dave,Quinevan,dquinevanmk@slate.com,Male,89.115.148.75
2814,Gianina,Furlow,gfurlowml@com.com,Female,177.14.102.157
2815,Gaby,Pollastrino,gpollastrinomm@biglobe.ne.jp,Female,199.126.173.97
2816,Jolynn,Begley,jbegleymn@fema.gov,Female,50.162.146.74
2817,Prentice,Decreuze,pdecreuzemo@abc.net.au,Male,182.227.66.47
2818,Pablo,Sharrocks,psharrocksmp@wunderground.com,Male,124.152.59.92
2819,Delores,Vescovo,dvescovomq@psu.edu,Female,46.60.8.123
2820,Oby,Tolemache,otolemachemr@princeton.edu,Male,199.198.195.119
2821,Panchito,Woodcock,pwoodcockms@salon.com,Male,185.92.88.187
2822,Heidie,Tetsall,htetsallmt@tmall.com,Female,19.253.166.155
2823,Lincoln,Skerm,lskermmu@usda.gov,Male,152.4.38.19
2824,Isadore,Sharland,isharlandmv@opera.com,Male,179.90.230.85
2825,Stephen,Gapper,sgappermw@unblog.fr,Agender,23.64.72.244
2826,Lexi,Wasling,lwaslingmx@chronoengine.com,Female,234.209.109.189
2827,Adara,McBlain,amcblainmy@ucsd.edu,Female,172.121.133.206
2828,Nickey,Mc Cahey,nmccaheymz@webs.com,Male,123.150.197.45
2829,Agathe,Skotcher,askotchern0@github.com,Female,48.69.113.197
2830,Carlota,Uwins,cuwinsn1@amazon.com,Female,206.205.207.68
2831,Gordie,Lakenden,glakendenn2@examiner.com,Male,235.79.220.78
2832,Rickert,Betteriss,rbetterissn3@omniture.com,Male,210.65.34.123
2833,Fayina,Alwood,falwoodn4@latimes.com,Female,114.254.20.203
2834,Neron,Egre,negren5@newyorker.com,Agender,129.34.146.158
2835,Stavro,Bossingham,sbossinghamn6@thetimes.co.uk,Male,172.210.76.196
2836,Thekla,McFater,tmcfatern7@springer.com,Female,50.208.1.160
2837,Nanette,Syversen,nsyversenn8@scientificamerican.com,Female,2.54.90.102
2838,Nike,Warmisham,nwarmishamn9@chron.com,Female,255.45.15.71
2839,Susanetta,Liepins,sliepinsna@about.me,Female,72.140.133.109
2840,Falito,Adamkiewicz,fadamkiewicznb@hubpages.com,Male,167.81.174.89
2841,Gael,Wrightem,gwrightemnc@nydailynews.com,Female,205.78.237.166
2842,Kriste,Vigneron,kvigneronnd@state.tx.us,Female,177.110.156.189
2843,Padriac,Hasluck,phasluckne@redcross.org,Male,40.199.177.188
2844,Jacquelyn,Doerrling,jdoerrlingnf@go.com,Female,170.176.1.198
2845,Dodie,Wale,dwaleng@nytimes.com,Female,30.132.250.21
2846,Hadleigh,Henric,hhenricnh@nbcnews.com,Male,200.189.13.207
2847,Bryce,Lyven,blyvenni@discuz.net,Polygender,121.97.7.192
2848,Vanessa,Shorton,vshortonnj@amazon.co.jp,Female,55.227.43.241
2849,Bogart,Surguine,bsurguinenk@cloudflare.com,Male,132.98.12.234
2850,Hildegaard,Lavallin,hlavallinnl@wikia.com,Female,34.225.230.148
2851,Reade,Perryn,rperrynnm@issuu.com,Male,67.199.237.204
2852,Helga,MacTeggart,hmacteggartnn@japanpost.jp,Female,146.221.198.16
2853,Quentin,Norval,qnorvalno@ow.ly,Female,2.152.88.9
2854,Welsh,Dionisetto,wdionisettonp@google.de,Male,214.72.202.138
2855,Magdaia,Linnit,mlinnitnq@weather.com,Female,12.61.213.23
2856,Tierney,Skeene,tskeenenr@dot.gov,Female,193.224.99.203
2857,Odie,Alliberton,oallibertonns@goodreads.com,Male,12.35.121.5
2858,Bryn,Beauvais,bbeauvaisnt@1688.com,Male,238.48.80.152
2859,Shanon,Dowdall,sdowdallnu@utexas.edu,Female,64.243.195.192
2860,Augy,Strain,astrainnv@webs.com,Male,241.232.65.115
2861,Shir,Vassbender,svassbendernw@gizmodo.com,Female,30.0.118.21
2862,Germana,Seefeldt,gseefeldtnx@ycombinator.com,Female,119.93.195.4
2863,Sheff,Wardell,swardellny@godaddy.com,Male,254.70.169.12
2864,Tammi,Desbrow,tdesbrownz@techcrunch.com,Female,197.12.95.235
2865,Philipa,Alvin,palvino0@webs.com,Female,171.141.77.238
2866,Gusta,Cahen,gcaheno1@fastcompany.com,Female,218.172.211.36
2867,Sonny,Shrubb,sshrubbo2@irs.gov,Female,151.57.237.15
2868,Kay,Rosenblad,krosenblado3@wisc.edu,Female,34.153.84.40
2869,Tann,Dalgarnowch,tdalgarnowcho4@bing.com,Male,73.31.142.75
2870,Albie,Zorzutti,azorzuttio5@archive.org,Male,110.172.242.226
2871,Xymenes,Stow,xstowo6@blogspot.com,Male,52.25.76.190
2872,Clim,Pandya,cpandyao7@fc2.com,Male,80.190.218.167
2873,Marena,Gerling,mgerlingo8@arstechnica.com,Female,8.190.138.117
2874,Ethyl,Pedrick,epedricko9@addthis.com,Female,177.68.84.164
2875,Ceciley,Broxis,cbroxisoa@livejournal.com,Female,4.101.167.88
2876,Eb,Gasson,egassonob@arstechnica.com,Male,194.112.29.29
2877,Filmore,Barus,fbarusoc@zimbio.com,Male,170.86.219.92
2878,Dominique,Ambrosio,dambrosiood@opensource.org,Male,141.198.89.59
2879,Claudianus,Feragh,cferaghoe@reverbnation.com,Male,188.207.91.103
2880,Meggy,Pinkett,mpinkettof@scientificamerican.com,Female,184.76.207.30
2881,Hilda,McAreavey,hmcareaveyog@msn.com,Female,12.78.221.139
2882,Brnaby,Scranney,bscranneyoh@xing.com,Male,253.129.49.221
2883,Rupert,Selway,rselwayoi@dyndns.org,Male,219.196.77.126
2884,Belita,Sterrie,bsterrieoj@home.pl,Female,248.169.59.99
2885,Lilia,Medeway,lmedewayok@squidoo.com,Female,160.179.238.140
2886,Cynthea,Ramalhete,cramalheteol@home.pl,Female,170.246.47.148
2887,Blanca,Franschini,bfranschiniom@businessinsider.com,Female,21.140.2.120
2888,Barnebas,Leeming,bleemingon@multiply.com,Male,216.246.3.40
2889,Bobina,Densun,bdensunoo@shop-pro.jp,Female,125.170.48.117
2890,Mariana,Harmour,mharmourop@jugem.jp,Female,42.253.108.227
2891,Shirlene,Osmar,sosmaroq@adobe.com,Female,150.164.172.182
2892,Graig,Durrand,gdurrandor@simplemachines.org,Male,129.23.221.215
2893,Les,Oakeby,loakebyos@walmart.com,Male,37.144.208.233
2894,Kayle,Dinis,kdinisot@sun.com,Female,106.113.225.174
2895,Ninnetta,Jacketts,njackettsou@si.edu,Female,238.44.184.84
2896,Adolphus,McDade,amcdadeov@un.org,Male,179.178.64.21
2897,Layton,Meese,lmeeseow@squidoo.com,Male,221.89.168.124
2898,Pamella,Strickett,pstrickettox@jalbum.net,Female,47.67.85.181
2899,Madelle,Burger,mburgeroy@eventbrite.com,Female,248.213.100.218
2900,Skippy,Trippett,strippettoz@istockphoto.com,Male,66.162.9.187
2901,Thomasa,Schelle,tschellep0@netscape.com,Female,222.153.210.169
2902,Martin,Knibb,mknibbp1@ed.gov,Male,214.99.128.236
2903,Yolanthe,Pockett,ypockettp2@latimes.com,Female,149.68.172.59
2904,Esme,Don,edonp3@statcounter.com,Male,141.8.195.81
2905,Terry,Jakubczyk,tjakubczykp4@nifty.com,Male,210.161.79.16
2906,Caro,Gillogley,cgillogleyp5@jugem.jp,Female,207.36.232.11
2907,Bay,Bartholat,bbartholatp6@mail.ru,Male,6.118.38.51
2908,Tabby,Bracegirdle,tbracegirdlep7@sun.com,Male,16.66.182.117
2909,Josefina,Moppett,jmoppettp8@geocities.com,Female,3.17.75.219
2910,Rayna,Speachley,rspeachleyp9@china.com.cn,Non-binary,167.81.82.97
2911,Dyann,Fausset,dfaussetpa@github.com,Female,44.117.188.252
2912,Carmela,Peiser,cpeiserpb@sohu.com,Female,82.117.63.67
2913,Charley,Loody,cloodypc@friendfeed.com,Male,99.126.3.44
2914,Ottilie,Laffranconi,olaffranconipd@moonfruit.com,Female,3.135.208.148
2915,Tuesday,Szabo,tszabope@arstechnica.com,Female,30.66.103.240
2916,Sergei,Langlais,slanglaispf@amazon.co.jp,Male,107.229.133.5
2917,Dana,Trow,dtrowpg@hao123.com,Male,252.3.232.66
2918,Pearce,Sugge,psuggeph@studiopress.com,Male,109.191.153.89
2919,Rolfe,Manns,rmannspi@psu.edu,Male,210.190.190.209
2920,Etheline,Kapelhof,ekapelhofpj@theatlantic.com,Female,208.113.228.97
2921,Aundrea,Saterweyte,asaterweytepk@pen.io,Female,250.57.66.158
2922,Olimpia,Bleiman,obleimanpl@abc.net.au,Female,91.184.202.120
2923,Field,Schuelcke,fschuelckepm@hc360.com,Male,53.151.24.11
2924,Kristin,Looks,klookspn@jigsy.com,Female,113.181.98.154
2925,Janifer,Braybrook,jbraybrookpo@admin.ch,Female,106.208.180.2
2926,William,Fitzgerald,wfitzgeraldpp@eventbrite.com,Male,205.13.254.15
2927,Sebastiano,Birtles,sbirtlespq@businessinsider.com,Male,101.197.84.41
2928,Olia,Bumford,obumfordpr@tiny.cc,Female,151.241.17.199
2929,Hazlett,Frodsham,hfrodshamps@wordpress.org,Male,41.164.230.187
2930,Cammy,Murgatroyd,cmurgatroydpt@phpbb.com,Female,130.99.167.126
2931,Dominik,Shillingford,dshillingfordpu@sitemeter.com,Male,233.110.24.36
2932,Leanna,Andrusov,landrusovpv@sourceforge.net,Genderfluid,90.32.160.148
2933,Penny,Adame,padamepw@phpbb.com,Female,3.204.211.82
2934,Shanan,Awin,sawinpx@opera.com,Male,150.127.25.209
2935,Catriona,Tydeman,ctydemanpy@over-blog.com,Non-binary,131.67.29.199
2936,Quinta,Epton,qeptonpz@soundcloud.com,Female,133.246.255.49
2937,Markos,Ferrige,mferrigeq0@nhs.uk,Bigender,80.4.22.44
2938,Pauletta,Ratlee,pratleeq1@usnews.com,Female,233.237.243.81
2939,Gregorio,Rugiero,grugieroq2@sciencedirect.com,Male,61.167.0.128
2940,Cari,Scroggs,cscroggsq3@ocn.ne.jp,Female,156.191.43.81
2941,Adriana,McLaren,amclarenq4@vistaprint.com,Female,180.214.51.215
2942,Billi,Woodfin,bwoodfinq5@indiegogo.com,Female,251.201.42.55
2943,Talbert,Rutigliano,trutiglianoq6@aol.com,Polygender,106.21.177.115
2944,Willard,Jiles,wjilesq7@altervista.org,Male,22.51.58.125
2945,Caldwell,Cadore,ccadoreq8@bandcamp.com,Male,117.232.90.220
2946,Hamlen,Stangroom,hstangroomq9@seesaa.net,Male,245.118.75.174
2947,Faythe,Carlill,fcarlillqa@jugem.jp,Female,242.160.123.30
2948,Merilee,Shavel,mshavelqb@xing.com,Female,213.114.75.50
2949,Brook,Ungerecht,bungerechtqc@cafepress.com,Female,243.147.221.219
2950,Annmarie,Leveret,aleveretqd@homestead.com,Female,120.78.169.224
2951,Titus,Sprade,tspradeqe@dell.com,Male,161.92.117.126
2952,Markos,Rosenfelt,mrosenfeltqf@digg.com,Male,74.240.244.64
2953,Smith,Reynard,sreynardqg@latimes.com,Male,91.66.190.189
2954,Marlene,Murtimer,mmurtimerqh@stanford.edu,Female,160.57.216.87
2955,Sheelah,Fleay,sfleayqi@si.edu,Female,199.49.172.5
2956,Gussi,Perutto,gperuttoqj@pcworld.com,Female,44.86.9.190
2957,Eugene,Rennocks,erennocksqk@yahoo.com,Male,215.13.91.163
2958,Dru,Yesenin,dyeseninql@infoseek.co.jp,Male,121.148.224.63
2959,Eugine,Calles,ecallesqm@people.com.cn,Non-binary,68.215.113.123
2960,Hetti,Nannetti,hnannettiqn@delicious.com,Female,195.32.62.127
2961,Robbie,Belson,rbelsonqo@feedburner.com,Male,211.65.180.215
2962,Hettie,Fabri,hfabriqp@amazon.co.jp,Female,34.136.117.141
2963,Talbot,Headan,theadanqq@unblog.fr,Male,33.35.214.213
2964,Abbott,Fissenden,afissendenqr@mail.ru,Male,19.208.238.179
2965,Rowan,Cheng,rchengqs@netvibes.com,Bigender,157.122.21.232
2966,Marty,Neem,mneemqt@google.co.jp,Agender,131.194.240.132
2967,Hirsch,Lambard,hlambardqu@dropbox.com,Male,204.25.37.248
2968,Clint,Cookes,ccookesqv@uiuc.edu,Male,200.151.144.194
2969,Derby,McIllroy,dmcillroyqw@bbb.org,Male,93.236.207.158
2970,Winn,Selway,wselwayqx@netscape.com,Male,157.144.67.70
2971,Edward,Daborne,edaborneqy@ovh.net,Male,172.169.73.225
2972,Minnnie,Geill,mgeillqz@webeden.co.uk,Female,179.129.60.110
2973,Eberhard,Ingold,eingoldr0@cnn.com,Male,4.66.178.119
2974,Shell,Raulin,sraulinr1@statcounter.com,Genderfluid,236.40.155.213
2975,Irvin,Vokins,ivokinsr2@phoca.cz,Male,138.205.98.160
2976,Brose,Frissell,bfrissellr3@who.int,Male,252.89.60.247
2977,Gaby,Aslen,gaslenr4@amazon.co.jp,Male,121.249.174.26
2978,Haily,Carnegie,hcarnegier5@tiny.cc,Female,7.151.75.17
2979,Albina,Tew,atewr6@google.nl,Female,207.165.162.59
2980,Leonanie,Tommasetti,ltommasettir7@cyberchimps.com,Female,107.182.103.157
2981,Nikolas,Puckring,npuckringr8@hao123.com,Male,214.207.101.58
2982,Collete,Vondrach,cvondrachr9@reverbnation.com,Female,84.32.138.133
2983,Humbert,Gadaud,hgadaudra@shareasale.com,Male,126.101.88.219
2984,Carita,Legate,clegaterb@aol.com,Female,133.33.133.104
2985,Collin,Treasure,ctreasurerc@sohu.com,Genderfluid,155.71.233.78
2986,Anetta,Ellesworth,aellesworthrd@howstuffworks.com,Female,18.244.66.16
2987,Coretta,Vasenin,cvaseninre@usa.gov,Female,81.19.46.245
2988,Hillie,Moulton,hmoultonrf@nifty.com,Male,12.112.139.182
2989,Conrad,Dadswell,cdadswellrg@reference.com,Male,105.106.250.11
2990,Jo ann,Hutchin,jhutchinrh@wordpress.org,Female,153.165.166.144
2991,Riki,Hall-Gough,rhallgoughri@theglobeandmail.com,Female,166.164.5.60
2992,Sonny,Blundan,sblundanrj@cbslocal.com,Non-binary,126.16.2.217
2993,Hedwig,Sambidge,hsambidgerk@xing.com,Female,204.173.83.42
2994,Jay,Penwright,jpenwrightrl@gov.uk,Male,157.241.64.190
2995,Stanislas,Tadd,staddrm@deviantart.com,Male,82.131.95.193
2996,Nanci,Gounot,ngounotrn@bigcartel.com,Female,107.212.3.184
2997,Lane,Domsalla,ldomsallaro@linkedin.com,Male,164.82.208.208
2998,Karola,Hallihane,khallihanerp@google.pl,Female,205.44.137.195
2999,Israel,Raffin,iraffinrq@time.com,Male,163.220.127.102
3000,Bonnee,Lutty,bluttyrr@dell.com,Genderfluid,206.252.149.99
