id,first_name,last_name,email,gender,ip_address
1001,Boot,Fendlow,bfendlow0@springer.com,Male,142.199.206.74
1002,Angelia,Westwell,awestwell1@ehow.com,Female,227.198.157.116
1003,Melantha,Thuillier,mthuillier2@tripod.com,Female,78.178.31.17
1004,Ulises,Onraet,uonraet3@springer.com,Male,89.160.53.45
1005,Konstantin,Kondratenya,kkondratenya4@who.int,Male,178.76.140.99
1006,Meredeth,Thurlbourne,mthurlbourne5@lycos.com,Male,187.66.162.53
1007,Kenny,Gleave,kgleave6@flickr.com,Male,24.11.159.23
1008,Nathalia,Lonie,nlonie7@mapy.cz,Female,167.4.15.147
1009,Hadrian,Hackin,hhackin8@zimbio.com,Male,48.137.44.246
1010,Lucias,Wharmby,lwharmby9@dell.com,Male,230.131.130.60
1011,Yves,Ackroyd,yackroyda@phpbb.com,Male,81.116.192.138
1012,Eunice,Silliman,esillimanb@yandex.ru,Female,255.193.132.216
1013,Janenna,Redihalgh,jredihalghc@ifeng.com,Female,126.243.20.20
1014,Wheeler,Causey,wcauseyd@apache.org,Male,176.4.179.136
1015,Bret,Tunnacliffe,btunnacliffee@nsw.gov.au,Male,167.102.217.152
1016,Clem,McGibbon,cmcgibbonf@stanford.edu,Female,255.190.189.8
1017,Cammy,Diboll,cdibollg@techcrunch.com,Female,231.203.45.2
1018,Lula,Vsanelli,lvsanellih@theguardian.com,Female,197.243.86.160
1019,Loutitia,Bechley,lbechleyi@ask.com,Female,242.110.18.104
1020,Jamill,Gaye,jgayej@opera.com,Male,154.213.108.93
1021,Jennilee,Dewen,jdewenk@sakura.ne.jp,Female,107.114.197.247
1022,Diana,Banville,dbanvillel@amazon.co.uk,Female,177.58.243.78
1023,Ev,Milliere,emillierem@google.ru,Male,186.62.4.155
1024,Kermit,Khadir,kkhadirn@dyndns.org,Genderqueer,114.53.67.94
1025,Layton,Welbelove,lwelbeloveo@goo.ne.jp,Male,227.253.31.49
1026,Massimo,Halladey,mhalladeyp@usda.gov,Male,225.213.118.175
1027,Giovanni,Wordesworth,gwordesworthq@china.com.cn,Male,107.194.100.181
1028,Freemon,Kingsnoad,fkingsnoadr@acquirethisname.com,Male,225.223.78.105
1029,Read,Ortler,rortlers@ucoz.ru,Male,119.42.81.232
1030,Mannie,Dufaur,mdufaurt@jugem.jp,Male,81.174.73.69
1031,Ree,Ellerker,rellerkeru@biglobe.ne.jp,Genderqueer,35.0.228.166
1032,Alfy,Bartolomeotti,abartolomeottiv@tumblr.com,Non-binary,20.159.124.223
1033,Mercy,Shrawley,mshrawleyw@cnet.com,Female,122.218.142.123
1034,Arty,Ibotson,aibotsonx@yandex.ru,Male,155.203.75.38
1035,Teri,Benesevich,tbenesevichy@elpais.com,Female,239.185.69.38
1036,Erin,Moncreiff,emoncreiffz@google.co.jp,Male,208.240.129.127
1037,Bliss,Bezzant,bbezzant10@so-net.ne.jp,Female,3.240.41.29
1038,Bordie,Bankhurst,bbankhurst11@jugem.jp,Male,121.201.163.65
1039,Merrill,Chumley,mchumley12@newsvine.com,Male,232.189.251.248
1040,Cherie,Willox,cwillox13@independent.co.uk,Female,107.89.164.225
1041,Marjorie,Farney,mfarney14@newyorker.com,Female,93.28.179.251
1042,Phelia,Marguerite,pmarguerite15@people.com.cn,Female,50.244.53.188
1043,Marissa,Geeve,mgeeve16@elegantthemes.com,Female,139.28.212.119
1044,Denis,Fforde,dfforde17@va.gov,Male,64.80.95.53
1045,Aurlie,Kain,akain18@nytimes.com,Female,109.226.182.11
1046,Harbert,Vondrasek,hvondrasek19@wordpress.com,Male,234.12.125.157
1047,Hattie,Livesley,hlivesley1a@mit.edu,Female,36.94.202.1
1048,Jayson,Belton,jbelton1b@amazon.co.uk,Male,121.180.240.39
1049,Kristel,Finney,kfinney1c@furl.net,Female,175.254.99.215
1050,Edy,Huntingford,ehuntingford1d@bing.com,Female,46.232.78.192
1051,Roana,Kohring,rkohring1e@godaddy.com,Female,251.75.151.18
1052,Mischa,Boome,mboome1f@vinaora.com,Male,23.54.181.111
1053,Jenifer,Batson,jbatson1g@cnet.com,Non-binary,92.223.240.112
1054,Phyllys,Abrami,pabrami1h@epa.gov,Female,92.44.197.246
1055,Charissa,Durbridge,cdurbridge1i@who.int,Female,157.49.154.133
1056,Kile,Kevlin,kkevlin1j@go.com,Male,53.44.9.115
1057,Delora,Dotterill,ddotterill1k@seattletimes.com,Female,70.150.37.206
1058,Weston,Lister,wlister1l@utexas.edu,Male,197.5.11.54
1059,Cris,Meagher,cmeagher1m@google.cn,Male,46.171.118.246
1060,Belva,Liddle,bliddle1n@comsenz.com,Female,173.39.232.4
1061,Hendrika,Emm,hemm1o@pcworld.com,Female,57.247.212.100
1062,Costa,Leachman,cleachman1p@histats.com,Male,203.227.55.155
1063,Clemmie,Lade,clade1q@simplemachines.org,Male,190.134.235.44
1064,Laure,Gayler,lgayler1r@issuu.com,Female,184.45.205.17
1065,Chane,Cromett,ccromett1s@vinaora.com,Male,13.236.218.126
1066,Alika,Popley,apopley1t@google.co.uk,Female,41.250.219.101
1067,Josie,Pannaman,jpannaman1u@ucla.edu,Female,120.34.29.243
1068,Coleman,Pocklington,cpocklington1v@oaic.gov.au,Male,183.253.47.39
1069,Goddard,O'Harney,goharney1w@amazon.com,Male,250.122.49.203
1070,Scotty,Lyte,slyte1x@hugedomains.com,Male,157.220.22.74
1071,Edward,Tolputt,etolputt1y@microsoft.com,Male,72.18.232.75
1072,Alva,Tooth,atooth1z@ibm.com,Male,133.143.27.26
1073,Lusa,Akred,lakred20@themeforest.net,Female,238.114.215.232
1074,Powell,Barwis,pbarwis21@pbs.org,Male,167.139.138.78
1075,Happy,Murr,hmurr22@oaic.gov.au,Female,64.206.63.157
1076,Evelin,Mussilli,emussilli23@weather.com,Non-binary,211.181.65.91
1077,Serge,Borchardt,sborchardt24@phoca.cz,Male,4.208.95.89
1078,Karisa,Itzhaiek,kitzhaiek25@jalbum.net,Bigender,132.147.182.1
1079,Prinz,Gurney,pgurney26@cargocollective.com,Male,81.183.209.188
1080,Curry,de Lloyd,cdelloyd27@unblog.fr,Male,227.197.23.54
1081,Garvin,Colnet,gcolnet28@issuu.com,Male,158.22.31.174
1082,Adam,Vanyakin,avanyakin29@cbslocal.com,Male,51.72.190.29
1083,Doria,Doding,ddoding2a@ning.com,Female,106.236.228.39
1084,Guido,Mackrill,gmackrill2b@intel.com,Male,249.104.126.236
1085,Devland,Defty,ddefty2c@sfgate.com,Male,40.19.44.28
1086,Josephine,Eger,jeger2d@cyberchimps.com,Non-binary,64.21.77.203
1087,Ambur,Hakewell,ahakewell2e@fotki.com,Female,225.105.28.174
1088,Shandra,Mulloch,smulloch2f@nydailynews.com,Female,198.36.246.173
1089,Cassius,O'Reilly,coreilly2g@amazonaws.com,Male,92.211.15.62
1090,Boot,Cawdell,bcawdell2h@economist.com,Male,130.146.76.251
1091,Averil,Eddow,aeddow2i@seattletimes.com,Non-binary,199.244.182.204
1092,Gert,Jadczak,gjadczak2j@samsung.com,Agender,143.235.216.13
1093,Joline,Adamovsky,jadamovsky2k@elegantthemes.com,Female,156.155.26.78
1094,Lannie,McGregor,lmcgregor2l@discuz.net,Male,126.242.23.208
1095,Dorine,Minci,dminci2m@yolasite.com,Female,64.176.159.50
1096,Angil,Tynan,atynan2n@cpanel.net,Female,216.170.60.136
1097,Reinaldos,Norkett,rnorkett2o@samsung.com,Male,119.251.70.42
1098,Sloan,Ganing,sganing2p@ucoz.ru,Male,175.62.234.32
1099,Miner,Enderby,menderby2q@ed.gov,Male,61.241.172.185
1100,Tamar,Collecott,tcollecott2r@ask.com,Female,122.184.60.143
1101,Marthe,Felce,mfelce2s@home.pl,Female,143.102.214.55
1102,Vidovic,Smithen,vsmithen2t@nature.com,Male,227.180.106.138
1103,Etheline,Jatczak,ejatczak2u@digg.com,Female,100.36.95.247
1104,Lars,Trace,ltrace2v@diigo.com,Male,130.170.179.36
1105,Debee,Maplesden,dmaplesden2w@unicef.org,Female,195.81.78.171
1106,Maribelle,Sebert,msebert2x@tinyurl.com,Female,174.76.17.138
1107,Teddy,Padbery,tpadbery2y@cocolog-nifty.com,Male,172.208.16.252
1108,Brendin,Coslett,bcoslett2z@discovery.com,Male,102.69.37.2
1109,Bathsheba,Helliker,bhelliker30@barnesandnoble.com,Female,111.2.4.85
1110,Sylas,Spenley,sspenley31@is.gd,Male,59.125.227.119
1111,Harper,Berrecloth,hberrecloth32@netvibes.com,Male,220.133.70.51
1112,Lexi,Liddiatt,lliddiatt33@theguardian.com,Non-binary,218.132.17.233
1113,Zorah,Hillett,zhillett34@indiatimes.com,Female,33.67.70.22
1114,Giusto,Mains,gmains35@wunderground.com,Male,86.43.209.253
1115,Kim,Traske,ktraske36@wix.com,Male,200.134.250.63
1116,Cindi,Banke,cbanke37@cisco.com,Female,27.249.106.165
1117,Bern,Moraleda,bmoraleda38@scribd.com,Male,146.207.41.111
1118,Evey,Scolding,escolding39@ehow.com,Female,184.17.250.21
1119,Wilona,O'Flaherty,woflaherty3a@gmpg.org,Female,236.21.65.41
1120,Nester,Joyner,njoyner3b@163.com,Male,30.213.20.43
1121,Luca,Habbes,lhabbes3c@berkeley.edu,Male,170.49.53.160
1122,Rance,Phoenix,rphoenix3d@google.com.br,Male,58.38.117.164
1123,Cilka,Prestie,cprestie3e@blogspot.com,Female,193.16.206.217
1124,Kyrstin,Lanham,klanham3f@umich.edu,Female,85.235.196.236
1125,Margarita,Bellenger,mbellenger3g@opera.com,Female,62.65.126.72
1126,Patty,Bratty,pbratty3h@pbs.org,Female,142.40.61.76
1127,Elmore,Lisciardelli,elisciardelli3i@ycombinator.com,Male,177.58.0.29
1128,Gilberta,Scneider,gscneider3j@boston.com,Female,17.177.202.198
1129,Meggi,Opfer,mopfer3k@yellowbook.com,Female,242.201.84.212
1130,Fons,Blaxall,fblaxall3l@sakura.ne.jp,Male,255.76.183.180
1131,Mandel,Vail,mvail3m@prlog.org,Male,208.123.42.249
1132,Nevil,Fick,nfick3n@gmpg.org,Male,219.2.43.231
1133,Junina,Leversha,jleversha3o@nymag.com,Female,141.102.9.50
1134,Curtis,Densham,cdensham3p@shinystat.com,Male,142.239.212.59
1135,Karl,Angrick,kangrick3q@abc.net.au,Agender,1.144.118.206
1136,Elyse,Gratrex,egratrex3r@delicious.com,Female,171.185.154.52
1137,Adaline,Hyndley,ahyndley3s@github.io,Female,44.42.23.194
1138,Ina,Tolomio,itolomio3t@dedecms.com,Female,181.141.16.8
1139,Colby,Sedge,csedge3u@cam.ac.uk,Male,161.38.76.68
1140,Katerine,Gorthy,kgorthy3v@wufoo.com,Female,131.253.82.43
1141,Dinnie,Denk,ddenk3w@sina.com.cn,Female,66.216.174.5
1142,Christine,Medling,cmedling3x@psu.edu,Female,241.121.208.217
1143,Archy,Thorlby,athorlby3y@tripadvisor.com,Male,223.112.228.93
1144,Eb,Goldson,egoldson3z@china.com.cn,Genderqueer,178.54.190.46
1145,Suzy,Bello,sbello40@last.fm,Female,132.204.45.31
1146,Ronny,Alster,ralster41@jimdo.com,Female,247.109.32.85
1147,Morley,Larmett,mlarmett42@desdev.cn,Male,173.210.90.236
1148,Carrissa,Sherrard,csherrard43@goodreads.com,Female,247.186.45.120
1149,Tamqrah,Bewshea,tbewshea44@alibaba.com,Female,2.160.221.122
1150,Tasia,Bordone,tbordone45@pinterest.com,Female,200.198.184.227
1151,Carlos,Halliberton,challiberton46@blog.com,Male,242.115.251.59
1152,Gottfried,Jacquemet,gjacquemet47@patch.com,Male,211.126.178.84
1153,Kailey,Ablett,kablett48@cpanel.net,Female,75.51.74.67
1154,Nikolia,Masterman,nmasterman49@unblog.fr,Female,53.85.49.139
1155,Neila,O'Docherty,nodocherty4a@xrea.com,Female,90.205.36.138
1156,Evan,Fouracres,efouracres4b@xinhuanet.com,Male,173.208.215.207
1157,Kaycee,Godmer,kgodmer4c@army.mil,Female,166.16.98.236
1158,Hildegarde,Casterot,hcasterot4d@ted.com,Bigender,199.203.25.237
1159,Malissia,Bullard,mbullard4e@furl.net,Female,5.70.179.170
1160,Lesley,Egell,legell4f@usnews.com,Male,36.158.135.165
1161,Issi,Bramwell,ibramwell4g@github.com,Female,138.207.111.137
1162,Storm,Ives,sives4h@amazon.com,Female,53.48.32.244
1163,Morly,Peattie,mpeattie4i@taobao.com,Non-binary,95.230.216.244
1164,Reese,Meek,rmeek4j@archive.org,Male,192.176.240.25
1165,Elita,Kitcher,ekitcher4k@arstechnica.com,Female,2.252.254.220
1166,Biddy,Crabb,bcrabb4l@blogger.com,Polygender,180.99.239.173
1167,Lorrayne,Darcy,ldarcy4m@house.gov,Female,198.143.106.15
1168,Cosetta,Elvins,celvins4n@latimes.com,Female,249.173.108.65
1169,Marje,Shea,mshea4o@hexun.com,Female,51.233.164.49
1170,Inglis,Zelland,izelland4p@parallels.com,Male,85.235.204.73
1171,Elysia,Crottagh,ecrottagh4q@woothemes.com,Female,226.158.89.202
1172,Urbanus,Quadling,uquadling4r@flavors.me,Male,189.109.164.172
1173,Everard,Showalter,eshowalter4s@nifty.com,Male,114.238.30.253
1174,Tamma,O'Sharry,tosharry4t@yahoo.co.jp,Female,242.7.125.101
1175,Jere,Whittle,jwhittle4u@oracle.com,Female,129.74.160.116
1176,Freeland,Streeten,fstreeten4v@blogger.com,Male,32.184.48.128
1177,Arch,Dillistone,adillistone4w@github.io,Male,68.116.81.139
1178,Peggy,Surby,psurby4x@printfriendly.com,Female,201.87.240.14
1179,Gustaf,Nosworthy,gnosworthy4y@engadget.com,Male,180.34.99.165
1180,Debby,Richardes,drichardes4z@uiuc.edu,Female,115.212.149.88
1181,Rutledge,Gildroy,rgildroy50@fastcompany.com,Male,24.143.183.175
1182,Haskell,Godbold,hgodbold51@ibm.com,Male,187.72.21.183
1183,Nobe,Shirtliff,nshirtliff52@amazon.co.jp,Male,90.75.82.181
1184,Heindrick,Fenkel,hfenkel53@answers.com,Male,44.166.115.59
1185,Tania,Gartshore,tgartshore54@phoca.cz,Female,49.24.218.244
1186,Holly,Billam,hbillam55@cafepress.com,Male,171.37.135.161
1187,Fernando,Cullity,fcullity56@symantec.com,Male,88.93.212.61
1188,Lyndsie,Gilsthorpe,lgilsthorpe57@msn.com,Female,92.31.68.212
1189,Jilleen,MacAndie,jmacandie58@columbia.edu,Female,97.47.155.125
1190,Jayme,Dumingo,jdumingo59@skyrock.com,Male,54.35.255.210
1191,Andreas,Connerry,aconnerry5a@1und1.de,Male,31.4.69.49
1192,Thayne,Philipsen,tphilipsen5b@360.cn,Male,42.162.65.90
1193,Ryley,Evert,revert5c@yelp.com,Male,50.79.51.133
1194,Giacomo,Presidey,gpresidey5d@soundcloud.com,Male,137.46.171.214
1195,Tyson,Macro,tmacro5e@diigo.com,Male,213.56.8.250
1196,Forrester,Keasey,fkeasey5f@tumblr.com,Male,53.15.176.57
1197,Freddy,Bentote,fbentote5g@dailymail.co.uk,Male,47.244.73.196
1198,Findlay,Skeel,fskeel5h@stanford.edu,Male,90.25.130.97
1199,Karrie,Follan,kfollan5i@huffingtonpost.com,Female,225.209.142.221
1200,Nerti,Patis,npatis5j@skype.com,Female,234.54.144.241
1201,Langsdon,Rosgen,lrosgen5k@drupal.org,Polygender,243.27.150.107
1202,Valentia,Symones,vsymones5l@theglobeandmail.com,Female,21.161.252.178
1203,Honor,Dunge,hdunge5m@jimdo.com,Female,116.230.30.38
1204,Alika,Goodban,agoodban5n@furl.net,Female,234.150.97.13
1205,Farris,Lamas,flamas5o@theatlantic.com,Male,217.18.206.14
1206,Rorke,Kobpal,rkobpal5p@phpbb.com,Genderfluid,185.162.32.9
1207,Lonna,Locarno,llocarno5q@so-net.ne.jp,Female,176.190.237.253
1208,Dicky,Goodwins,dgoodwins5r@imageshack.us,Male,196.97.35.106
1209,Vinson,Moores,vmoores5s@discovery.com,Male,236.69.194.82
1210,Lyell,Conti,lconti5t@sogou.com,Male,23.18.180.138
1211,Rudolph,Birkby,rbirkby5u@artisteer.com,Male,155.202.130.18
1212,Tate,Joule,tjoule5v@trellian.com,Bigender,71.73.169.135
1213,Eldon,Mees,emees5w@reddit.com,Male,90.19.234.124
1214,Colan,Saxby,csaxby5x@furl.net,Male,98.140.224.128
1215,Fleming,Shirer,fshirer5y@rediff.com,Male,63.195.66.165
1216,Marshall,Hamblin,mhamblin5z@umn.edu,Agender,99.25.34.91
1217,Laurianne,Scorrer,lscorrer60@tuttocitta.it,Female,107.97.185.173
1218,Kile,Ladloe,kladloe61@msn.com,Male,155.141.153.41
1219,Viviene,Courtin,vcourtin62@newyorker.com,Female,206.88.73.118
1220,Daisi,Benzies,dbenzies63@stumbleupon.com,Female,178.16.250.134
1221,Dominga,Casajuana,dcasajuana64@aboutads.info,Female,69.162.7.43
1222,Robinet,Cathrae,rcathrae65@cisco.com,Male,92.47.154.246
1223,Aleen,Brunsen,abrunsen66@netscape.com,Female,88.174.54.147
1224,Nanci,Brookesbie,nbrookesbie67@feedburner.com,Female,26.135.7.43
1225,Barrie,Minter,bminter68@meetup.com,Male,17.164.75.92
1226,Laurel,O'Mullaney,lomullaney69@last.fm,Female,119.217.74.179
1227,Kimball,Boskell,kboskell6a@ca.gov,Male,51.227.200.48
1228,Zacharias,Hinz,zhinz6b@nps.gov,Male,254.148.130.108
1229,Ivonne,Paskins,ipaskins6c@google.pl,Female,142.239.206.221
1230,Ines,Rope,irope6d@free.fr,Female,231.54.0.144
1231,Ulla,Rosevear,urosevear6e@prweb.com,Female,214.234.228.19
1232,Morgan,Castelletti,mcastelletti6f@exblog.jp,Male,182.197.14.14
1233,Stace,Alliston,salliston6g@sitemeter.com,Female,85.161.123.81
1234,Toby,Merrell,tmerrell6h@prnewswire.com,Male,244.240.84.213
1235,Izzy,Grimster,igrimster6i@facebook.com,Male,208.71.226.34
1236,Emilia,Nasey,enasey6j@jalbum.net,Genderqueer,185.129.134.134
1237,Morlee,Maycey,mmaycey6k@epa.gov,Male,4.6.96.127
1238,Inigo,Brouncker,ibrouncker6l@columbia.edu,Polygender,20.42.150.185
1239,Chelsey,Andraud,candraud6m@ted.com,Female,209.177.70.232
1240,Galina,Tuhy,gtuhy6n@scribd.com,Female,124.141.46.114
1241,Shelly,Hewertson,shewertson6o@jugem.jp,Female,32.172.96.52
1242,Bee,Seawright,bseawright6p@domainmarket.com,Female,31.34.140.137
1243,Dame,Rivenzon,drivenzon6q@hatena.ne.jp,Male,15.226.48.144
1244,Jere,Vanns,jvanns6r@whitehouse.gov,Male,184.214.179.61
1245,Rob,Gosdin,rgosdin6s@cpanel.net,Male,115.195.173.56
1246,Leia,Seagar,lseagar6t@upenn.edu,Female,255.70.172.180
1247,Maurie,Pfaffe,mpfaffe6u@issuu.com,Male,150.119.55.3
1248,Waiter,Kyberd,wkyberd6v@slate.com,Male,119.31.25.30
1249,Lia,Riding,lriding6w@state.gov,Female,233.68.205.127
1250,Tamarah,Alti,talti6x@seesaa.net,Female,189.107.239.232
1251,Amandi,Febre,afebre6y@yale.edu,Female,148.172.1.74
1252,Corty,De Nisco,cdenisco6z@nhs.uk,Male,216.150.65.178
1253,Cristobal,Milsom,cmilsom70@shutterfly.com,Male,94.31.219.227
1254,Shayna,Hawse,shawse71@state.tx.us,Female,59.37.54.55
1255,Chrysa,Housley,chousley72@usatoday.com,Female,100.73.27.79
1256,Tadd,Rontree,trontree73@foxnews.com,Male,30.29.142.80
1257,Brnaba,Guild,bguild74@unicef.org,Male,89.65.53.130
1258,Blayne,Gill,bgill75@theatlantic.com,Male,144.210.64.70
1259,Warner,Deville,wdeville76@domainmarket.com,Male,242.58.183.206
1260,Annissa,Hayer,ahayer77@uiuc.edu,Female,19.214.208.215
1261,Nathanil,Broxap,nbroxap78@flavors.me,Male,198.175.133.234
1262,Sally,Kennet,skennet79@dedecms.com,Female,218.188.125.138
1263,Wilona,Stavers,wstavers7a@t.co,Female,41.202.150.159
1264,Timothy,Ellams,tellams7b@sciencedaily.com,Male,162.220.140.207
1265,Sheff,Clynman,sclynman7c@histats.com,Male,108.124.130.171
1266,Bengt,Emsden,bemsden7d@sourceforge.net,Male,77.50.156.129
1267,Chantalle,McKeag,cmckeag7e@123-reg.co.uk,Female,209.47.238.22
1268,Damiano,Johansen,djohansen7f@ibm.com,Male,11.165.106.158
1269,Pace,Mapes,pmapes7g@youtube.com,Male,151.217.227.103
1270,Gris,Claybourn,gclaybourn7h@jugem.jp,Agender,110.119.199.223
1271,Northrop,Penritt,npenritt7i@nih.gov,Male,91.199.57.158
1272,Chrotoem,Jewis,cjewis7j@woothemes.com,Bigender,133.217.27.97
1273,Millard,Fredi,mfredi7k@irs.gov,Male,162.255.1.159
1274,Cassandre,Giblett,cgiblett7l@unicef.org,Female,81.3.186.234
1275,Edvard,Clutterbuck,eclutterbuck7m@fema.gov,Male,22.15.119.228
1276,Jarad,Fullstone,jfullstone7n@vinaora.com,Male,159.219.182.196
1277,Antony,Cockson,acockson7o@ibm.com,Male,220.125.185.246
1278,Harv,Hatwells,hhatwells7p@istockphoto.com,Genderqueer,89.198.232.34
1279,Starlene,Fillgate,sfillgate7q@drupal.org,Female,11.46.47.125
1280,Martica,Everard,meverard7r@wp.com,Female,54.169.242.204
1281,Bethany,Simonaitis,bsimonaitis7s@aboutads.info,Female,174.133.123.114
1282,Kahaleel,Branney,kbranney7t@xing.com,Male,202.190.185.39
1283,Jere,Gimblett,jgimblett7u@example.com,Female,179.246.150.169
1284,Sherline,Iggo,siggo7v@blogspot.com,Agender,247.236.203.26
1285,Ashley,Trewhitt,atrewhitt7w@google.com.au,Female,160.179.27.130
1286,Vinnie,Shercliff,vshercliff7x@mapy.cz,Male,81.87.77.80
1287,Ros,Maddy,rmaddy7y@eepurl.com,Female,177.185.16.139
1288,Sheri,Koppen,skoppen7z@wikia.com,Female,25.119.117.185
1289,Jennette,Haysom,jhaysom80@dot.gov,Female,3.249.127.81
1290,Carleen,Pearton,cpearton81@cpanel.net,Female,185.52.13.168
1291,Shara,Ipsley,sipsley82@techcrunch.com,Female,175.179.230.235
1292,Ax,Shopcott,ashopcott83@etsy.com,Male,35.219.252.220
1293,Gwenora,Strasse,gstrasse84@miitbeian.gov.cn,Female,225.102.40.0
1294,Christiana,Wakelam,cwakelam85@state.gov,Female,204.73.75.79
1295,Scarface,Currum,scurrum86@springer.com,Male,46.193.186.100
1296,Cynthia,Capelow,ccapelow87@wordpress.org,Female,103.239.151.46
1297,Lona,Ever,lever88@purevolume.com,Female,188.235.153.172
1298,Shannan,Allsop,sallsop89@ucla.edu,Male,109.248.62.215
1299,Sofia,Dunkerk,sdunkerk8a@google.nl,Female,10.153.148.222
1300,Alon,Caine,acaine8b@twitpic.com,Male,127.166.59.178
1301,Persis,Galle,pgalle8c@lulu.com,Female,180.236.129.228
1302,Ebonee,Simon,esimon8d@blinklist.com,Female,226.61.111.180
1303,Marlowe,Sickert,msickert8e@eepurl.com,Male,73.53.225.144
1304,Carie,Cote,ccote8f@gov.uk,Female,210.118.234.51
1305,Guillermo,Artist,gartist8g@yale.edu,Male,251.33.114.96
1306,Sissy,Hanley,shanley8h@ebay.co.uk,Female,201.206.95.83
1307,Fleurette,Naisbet,fnaisbet8i@ycombinator.com,Female,89.127.15.185
1308,Aila,Stribling,astribling8j@freewebs.com,Female,94.218.239.50
1309,Andra,Kollasch,akollasch8k@discovery.com,Female,14.253.142.127
1310,Kristel,Pepall,kpepall8l@ucoz.com,Female,190.185.201.52
1311,Jocelyn,Parris,jparris8m@loc.gov,Female,163.106.118.80
1312,Florella,Rozenzweig,frozenzweig8n@unicef.org,Female,73.152.126.32
1313,Solly,Dullard,sdullard8o@instagram.com,Male,129.112.233.209
1314,Laverna,Dootson,ldootson8p@redcross.org,Polygender,69.41.112.243
1315,Vin,Shafe,vshafe8q@instagram.com,Male,238.237.239.232
1316,Erhart,Karp,ekarp8r@instagram.com,Male,111.166.48.74
1317,Zitella,Gasking,zgasking8s@barnesandnoble.com,Female,98.39.186.80
1318,Cris,Watkin,cwatkin8t@sourceforge.net,Female,161.10.203.134
1319,Romy,Gherardi,rgherardi8u@amazon.de,Female,247.247.180.243
1320,Emile,Origan,eorigan8v@harvard.edu,Male,175.148.71.197
1321,Kath,Abbott,kabbott8w@hao123.com,Female,159.186.191.36
1322,Zulema,Petras,zpetras8x@miitbeian.gov.cn,Female,16.185.233.127
1323,Latashia,Enterlein,lenterlein8y@ifeng.com,Female,13.135.118.205
1324,Olia,Bunston,obunston8z@home.pl,Female,66.8.53.57
1325,Otis,Fraulo,ofraulo90@storify.com,Male,206.158.224.89
1326,Osgood,Waiting,owaiting91@reuters.com,Bigender,161.124.243.91
1327,Jeri,Stepto,jstepto92@weebly.com,Female,91.92.224.101
1328,Kalinda,Brocket,kbrocket93@harvard.edu,Genderfluid,141.76.25.201
1329,Golda,Le Friec,glefriec94@google.ca,Female,222.87.247.33
1330,Eugenia,Dominy,edominy95@discovery.com,Female,23.99.47.96
1331,Emmye,Bartels-Ellis,ebartelsellis96@nasa.gov,Female,116.253.90.125
1332,Stewart,D'Abbot-Doyle,sdabbotdoyle97@wired.com,Male,74.30.250.162
1333,Abdul,Kelsall,akelsall98@dyndns.org,Male,105.166.221.47
1334,Even,Cowern,ecowern99@123-reg.co.uk,Male,14.13.252.115
1335,Martie,Kubes,mkubes9a@sfgate.com,Female,190.34.243.196
1336,Duff,Gyrgorcewicx,dgyrgorcewicx9b@vk.com,Male,198.90.4.102
1337,Hanna,Thurlborn,hthurlborn9c@china.com.cn,Female,140.234.253.195
1338,Shelley,Langhorne,slanghorne9d@fema.gov,Male,168.208.209.244
1339,Mandie,Smullin,msmullin9e@microsoft.com,Female,125.131.161.50
1340,Claudianus,Swatland,cswatland9f@unicef.org,Male,151.11.188.211
1341,Brockie,Lusher,blusher9g@ning.com,Male,210.115.197.156
1342,Marten,Powling,mpowling9h@google.es,Male,55.137.163.89
1343,Flori,Tonge,ftonge9i@rambler.ru,Female,177.246.82.171
1344,Kennedy,O'Carmody,kocarmody9j@prlog.org,Male,200.163.246.166
1345,Faunie,Prescot,fprescot9k@myspace.com,Female,75.175.21.168
1346,Ofilia,Murphey,omurphey9l@flickr.com,Female,104.80.231.137
1347,Lynnell,Kondratowicz,lkondratowicz9m@berkeley.edu,Female,163.49.220.75
1348,Morse,Minney,mminney9n@columbia.edu,Male,169.95.2.248
1349,Clare,McAvinchey,cmcavinchey9o@whitehouse.gov,Female,195.166.37.150
1350,Peggi,Shimuk,pshimuk9p@usa.gov,Female,41.132.207.97
1351,Nelson,Dreye,ndreye9q@hhs.gov,Male,61.34.93.119
1352,Fleur,Cornels,fcornels9r@symantec.com,Female,174.111.5.197
1353,Marcel,Flowerdew,mflowerdew9s@bbc.co.uk,Male,231.88.240.108
1354,Efrem,Watsham,ewatsham9t@geocities.jp,Male,255.154.175.105
1355,Sharon,Brigdale,sbrigdale9u@php.net,Female,87.101.104.240
1356,Chelsea,Dewane,cdewane9v@reddit.com,Polygender,91.83.43.53
1357,Gaspar,Sarra,gsarra9w@alibaba.com,Male,217.58.133.208
1358,Zulema,Jeannenet,zjeannenet9x@drupal.org,Female,15.227.246.35
1359,Emmerich,Lymer,elymer9y@soundcloud.com,Male,56.54.152.33
1360,Brocky,McPhater,bmcphater9z@salon.com,Male,98.53.216.234
1361,Vasili,Reap,vreapa0@merriam-webster.com,Male,10.233.11.167
1362,Laraine,Blackater,lblackatera1@virginia.edu,Female,138.82.158.42
1363,Maggee,Pregel,mpregela2@geocities.jp,Genderqueer,134.42.104.43
1364,Rock,Edgerton,redgertona3@imageshack.us,Male,200.220.221.108
1365,Gasparo,Di Carli,gdicarlia4@dropbox.com,Male,189.190.17.225
1366,Nonnah,Thecham,nthechama5@dailymail.co.uk,Female,119.137.208.4
1367,Tresa,Dowsey,tdowseya6@reverbnation.com,Female,94.182.115.222
1368,Fraser,Rois,froisa7@admin.ch,Male,28.198.148.239
1369,Clo,Behagg,cbehagga8@flavors.me,Female,200.243.121.111
1370,Bartie,Penna,bpennaa9@microsoft.com,Male,30.51.71.6
1371,Aubrey,Russen,arussenaa@virginia.edu,Male,132.17.193.100
1372,Marylee,McKearnen,mmckearnenab@vk.com,Female,62.158.179.1
1373,Blair,Clink,bclinkac@comcast.net,Male,225.33.201.30
1374,Midge,Kuller,mkullerad@google.pl,Female,87.199.36.122
1375,Allayne,Seiler,aseilerae@virginia.edu,Male,248.6.203.61
1376,Nickolaus,Latham,nlathamaf@icio.us,Male,154.123.158.83
1377,Claudia,John,cjohnag@pcworld.com,Female,63.75.37.240
1378,Lanie,Tumbelty,ltumbeltyah@wisc.edu,Female,130.111.148.173
1379,Dyann,Petrushanko,dpetrushankoai@accuweather.com,Female,230.96.178.191
1380,Christean,Rhodus,crhodusaj@census.gov,Female,44.57.148.61
1381,Danette,Medcraft,dmedcraftak@icq.com,Female,94.53.180.219
1382,Linnet,Maciak,lmaciakal@unc.edu,Female,110.205.40.133
1383,Eamon,Chsteney,echsteneyam@about.com,Male,100.97.140.190
1384,Jacob,Dewfall,jdewfallan@typepad.com,Male,20.123.179.206
1385,Lusa,McGall,lmcgallao@mac.com,Female,106.66.101.129
1386,Othello,Shwenn,oshwennap@cdc.gov,Male,122.99.95.241
1387,Lavena,Meffin,lmeffinaq@wikia.com,Female,173.252.151.235
1388,Genevieve,Poluzzi,gpoluzziar@trellian.com,Female,116.65.230.74
1389,Gaylord,Pieters,gpietersas@istockphoto.com,Male,65.127.181.22
1390,Ewan,MacGinney,emacginneyat@google.ca,Male,124.27.29.218
1391,Alistair,Breheny,abrehenyau@usatoday.com,Male,158.132.212.66
1392,Avrom,Habbeshaw,ahabbeshawav@fema.gov,Male,209.239.36.210
1393,Stanton,Guillem,sguillemaw@furl.net,Male,168.171.217.224
1394,Saba,Mantione,smantioneax@mit.edu,Female,255.97.34.132
1395,Penelopa,Ranstead,pransteaday@tuttocitta.it,Female,56.54.159.252
1396,Husein,Hawe,hhaweaz@wikimedia.org,Male,157.188.59.154
1397,Brenden,Treharne,btreharneb0@vinaora.com,Male,172.172.176.223
1398,Sadye,Scriver,sscriverb1@jiathis.com,Female,19.126.69.157
1399,Quentin,O'Feeny,qofeenyb2@pcworld.com,Female,80.140.2.138
1400,Duff,Chesshire,dchesshireb3@webs.com,Male,222.24.74.132
1401,Hernando,Glanester,hglanesterb4@oaic.gov.au,Male,230.222.206.189
1402,Annis,Youngs,ayoungsb5@woothemes.com,Female,141.209.44.182
1403,Roma,Arman,rarmanb6@nsw.gov.au,Male,22.156.101.15
1404,Jaye,Yuill,jyuillb7@furl.net,Male,56.113.19.8
1405,Yasmeen,Feldbrin,yfeldbrinb8@blogtalkradio.com,Female,141.159.251.43
1406,Mark,Cobelli,mcobellib9@cocolog-nifty.com,Male,61.96.137.199
1407,Karilynn,De Cristofalo,kdecristofaloba@homestead.com,Female,34.83.115.23
1408,Augustin,Scoyles,ascoylesbb@pinterest.com,Male,117.195.34.142
1409,Lexi,Cicccitti,lcicccittibc@hc360.com,Polygender,28.204.61.206
1410,Charleen,Mackrell,cmackrellbd@elpais.com,Female,90.48.171.89
1411,Marcus,Cumbes,mcumbesbe@economist.com,Male,146.109.35.249
1412,Bettine,Janas,bjanasbf@yellowbook.com,Female,237.122.116.140
1413,Ly,Lowman,llowmanbg@dailymotion.com,Male,26.198.126.135
1414,Celesta,Drysdell,cdrysdellbh@yahoo.com,Genderqueer,46.19.7.127
1415,Perle,Cluley,pcluleybi@zimbio.com,Female,184.185.87.59
1416,Lisle,Saffin,lsaffinbj@sbwire.com,Male,177.253.150.201
1417,Florri,Purbrick,fpurbrickbk@artisteer.com,Female,234.6.116.229
1418,Ibrahim,Dundridge,idundridgebl@addthis.com,Male,188.104.124.61
1419,Mabel,O'Hagirtie,mohagirtiebm@cisco.com,Female,11.1.61.164
1420,Hammad,Thunders,hthundersbn@amazon.co.uk,Agender,23.245.244.7
1421,Kelvin,Nequest,knequestbo@slideshare.net,Male,198.173.47.189
1422,Mitch,Strooband,mstroobandbp@etsy.com,Male,184.0.192.180
1423,Guenevere,Mussen,gmussenbq@hibu.com,Female,12.218.133.52
1424,Theodora,Shenfish,tshenfishbr@psu.edu,Female,69.81.76.44
1425,Denny,Shackel,dshackelbs@goo.ne.jp,Female,200.118.18.39
1426,Denice,Alger,dalgerbt@go.com,Female,29.99.36.118
1427,Ernaline,Remer,eremerbu@blogger.com,Female,125.214.48.211
1428,Sampson,McGilbon,smcgilbonbv@pcworld.com,Male,236.56.13.140
1429,Delmor,McKinley,dmckinleybw@nature.com,Male,252.128.176.40
1430,Pepita,Vye,pvyebx@icio.us,Female,181.187.130.198
1431,Susie,Syddie,ssyddieby@prnewswire.com,Female,247.100.5.35
1432,Cristionna,Pendergrast,cpendergrastbz@is.gd,Female,254.61.199.154
1433,Antoni,Breen,abreenc0@usa.gov,Male,77.62.215.224
1434,Charla,Jacqueminet,cjacqueminetc1@slideshare.net,Female,217.146.168.141
1435,Rollins,Blasik,rblasikc2@wisc.edu,Male,106.209.215.209
1436,Morlee,Trinke,mtrinkec3@phoca.cz,Male,185.179.237.99
1437,Mala,Greensall,mgreensallc4@squidoo.com,Female,177.93.79.255
1438,Lowell,Plaskett,lplaskettc5@theglobeandmail.com,Male,1.224.116.35
1439,Karyn,Milby,kmilbyc6@spotify.com,Female,176.202.44.156
1440,Abdel,Gapper,agapperc7@theglobeandmail.com,Male,49.176.235.66
1441,Harmon,Blindermann,hblindermannc8@squarespace.com,Genderfluid,145.195.111.15
1442,Lorant,Durbridge,ldurbridgec9@earthlink.net,Male,199.146.58.70
1443,Ignacio,Dalloway,idallowayca@nydailynews.com,Male,248.3.131.154
1444,Glenna,Gergler,ggerglercb@mtv.com,Female,108.234.151.33
1445,Jack,Houten,jhoutencc@google.com.au,Male,231.153.38.127
1446,Burty,Schwieso,bschwiesocd@macromedia.com,Male,17.241.124.113
1447,Ezra,Bohling,ebohlingce@ca.gov,Male,248.167.153.60
1448,Caralie,Hoult,choultcf@blogtalkradio.com,Female,215.69.140.30
1449,Vincent,Lawton,vlawtoncg@dell.com,Male,145.38.5.213
1450,Konstantin,Ellingsworth,kellingsworthch@washington.edu,Male,102.141.35.195
1451,Kerrin,Banghe,kbangheci@meetup.com,Female,130.97.81.138
1452,Hillel,Keith,hkeithcj@wix.com,Male,22.38.39.125
1453,Liam,Peschet,lpeschetck@cnbc.com,Bigender,126.212.0.74
1454,Wendye,Grisbrook,wgrisbrookcl@admin.ch,Female,72.20.154.100
1455,Kinny,Elstub,kelstubcm@1und1.de,Male,179.207.87.169
1456,Lesli,Dunan,ldunancn@guardian.co.uk,Female,14.68.220.127
1457,Thorin,Kobierra,tkobierraco@discovery.com,Male,22.63.83.6
1458,Keelby,Chadd,kchaddcp@goodreads.com,Male,25.36.211.100
1459,Amerigo,Vasyatkin,avasyatkincq@nature.com,Genderfluid,169.143.190.79
1460,Ame,Ballach,aballachcr@newyorker.com,Female,252.8.52.104
1461,Arlyn,Kilian,akiliancs@flickr.com,Female,79.36.232.37
1462,Daryle,Sneyd,dsneydct@yahoo.co.jp,Male,46.233.192.65
1463,Titus,Smails,tsmailscu@intel.com,Agender,87.233.104.181
1464,Jelene,Cowen,jcowencv@alexa.com,Female,211.107.151.240
1465,Beverlee,Boodle,bboodlecw@alexa.com,Female,82.72.210.77
1466,Gawen,Fortnum,gfortnumcx@uol.com.br,Male,138.155.5.1
1467,Ferdinande,Pococke,fpocockecy@blinklist.com,Female,68.139.229.18
1468,Sarette,Inderwick,sinderwickcz@businesswire.com,Female,234.58.22.28
1469,Etienne,Purdon,epurdond0@google.de,Bigender,98.108.233.151
1470,Caye,Nicholl,cnicholld1@digg.com,Female,141.218.66.108
1471,Fidole,D'Agostini,fdagostinid2@creativecommons.org,Male,137.50.188.75
1472,Alic,McRobbie,amcrobbied3@prnewswire.com,Male,27.186.133.48
1473,Corbie,Ralfe,cralfed4@psu.edu,Male,124.52.220.247
1474,Jess,Oxby,joxbyd5@chicagotribune.com,Female,111.1.84.79
1475,Orion,De Bellis,odebellisd6@tuttocitta.it,Male,196.202.12.69
1476,Consolata,Zanini,czaninid7@fc2.com,Female,129.212.92.107
1477,Nicolai,McFetrich,nmcfetrichd8@washington.edu,Male,188.215.195.76
1478,Nikolas,Donnett,ndonnettd9@state.gov,Male,59.194.78.255
1479,Tuck,Lenin,tleninda@usatoday.com,Male,53.228.45.250
1480,Junie,Dadge,jdadgedb@meetup.com,Female,186.77.72.156
1481,Min,Cleeves,mcleevesdc@state.gov,Female,38.170.105.189
1482,Karlene,Duer,kduerdd@sphinn.com,Female,47.45.120.107
1483,Haze,Chaudron,hchaudronde@usda.gov,Genderqueer,168.137.127.86
1484,Archy,Brandes,abrandesdf@dagondesign.com,Male,41.72.25.249
1485,Haily,Shortan,hshortandg@exblog.jp,Male,23.142.190.66
1486,Ogden,Denson,odensondh@vkontakte.ru,Male,1.140.243.37
1487,Kris,Everley,keverleydi@wired.com,Female,12.18.175.29
1488,Clerkclaude,Owbrick,cowbrickdj@baidu.com,Male,17.29.48.134
1489,Ford,Rhys,frhysdk@whitehouse.gov,Male,147.81.192.148
1490,Yardley,Veryard,yveryarddl@hugedomains.com,Male,244.151.182.163
1491,Aldwin,Janeczek,ajaneczekdm@hatena.ne.jp,Male,214.40.172.22
1492,Courtney,Kirkwood,ckirkwooddn@sitemeter.com,Male,173.224.195.59
1493,Cynthia,Hindshaw,chindshawdo@amazon.co.jp,Female,21.102.41.22
1494,Hort,Filov,hfilovdp@sfgate.com,Male,2.99.146.25
1495,Brendon,Pettersen,bpettersendq@mail.ru,Genderfluid,67.166.194.12
1496,Gaye,Gilburt,ggilburtdr@ihg.com,Female,197.209.68.83
1497,Dorena,Ferraraccio,dferraracciods@netscape.com,Female,55.137.13.86
1498,Arleta,Pindred,apindreddt@opensource.org,Female,26.64.45.0
1499,Harlen,Scarrisbrick,hscarrisbrickdu@myspace.com,Male,233.242.205.124
1500,Jere,Hobgen,jhobgendv@ehow.com,Female,227.67.66.92
1501,Adolpho,Scarffe,ascarffedw@constantcontact.com,Male,203.52.159.52
1502,Kordula,Vickerman,kvickermandx@storify.com,Female,105.186.231.22
1503,Cecile,Blankenship,cblankenshipdy@samsung.com,Female,230.208.249.160
1504,Lacee,Beining,lbeiningdz@epa.gov,Female,183.106.10.205
1505,Kacy,Laurand,klaurande0@pbs.org,Female,235.93.152.178
1506,Allard,Creggan,acreggane1@bing.com,Male,163.208.249.94
1507,Connor,Boarer,cboarere2@adobe.com,Male,97.245.49.27
1508,Millard,Farmery,mfarmerye3@google.it,Male,247.168.92.0
1509,Marilin,Iacovazzi,miacovazzie4@quantcast.com,Female,50.71.22.13
1510,Tedie,Blackstone,tblackstonee5@seesaa.net,Male,144.194.233.37
1511,Winthrop,Purkess,wpurkesse6@soundcloud.com,Male,244.122.55.93
1512,Harley,Grier,hgriere7@newyorker.com,Female,152.163.175.29
1513,Thorpe,Corstorphine,tcorstorphinee8@upenn.edu,Male,174.200.156.86
1514,Ashton,Haysman,ahaysmane9@umich.edu,Male,229.68.145.116
1515,Dominick,Stolli,dstolliea@godaddy.com,Male,188.50.121.109
1516,Barrett,Mungin,bmungineb@chronoengine.com,Male,137.80.205.74
1517,Lyndsey,Want,lwantec@amazonaws.com,Female,176.39.82.222
1518,Der,Buckland,dbucklanded@cbsnews.com,Male,49.32.12.191
1519,Verne,Joskovitch,vjoskovitchee@freewebs.com,Male,235.200.86.70
1520,Adolphe,Bowdery,abowderyef@upenn.edu,Male,160.150.139.13
1521,Ephrayim,Dowley,edowleyeg@statcounter.com,Agender,201.164.197.239
1522,Zia,Coveny,zcovenyeh@cargocollective.com,Bigender,95.205.209.97
1523,Alessandro,Ollin,aollinei@miitbeian.gov.cn,Male,161.208.44.236
1524,Bruis,Houndesome,bhoundesomeej@theglobeandmail.com,Male,226.48.1.241
1525,Rudolfo,Lazarus,rlazarusek@posterous.com,Male,214.221.42.181
1526,Rochester,Carbine,rcarbineel@com.com,Male,199.9.66.149
1527,Maren,Dudin,mdudinem@biglobe.ne.jp,Female,170.247.145.118
1528,Terrell,Tieman,ttiemanen@posterous.com,Male,144.159.137.63
1529,Kyle,Beverage,kbeverageeo@skype.com,Female,169.76.173.214
1530,Dorita,Carr,dcarrep@tiny.cc,Female,34.83.207.21
1531,Miquela,Lighton,mlightoneq@unicef.org,Female,36.248.47.55
1532,Adrianna,Barltrop,abarltroper@reuters.com,Female,243.202.154.167
1533,Hurley,Matterson,hmattersones@earthlink.net,Male,62.204.205.36
1534,Lynde,Coyle,lcoyleet@slashdot.org,Female,185.1.40.209
1535,Harmony,Ryburn,hryburneu@deliciousdays.com,Female,100.35.146.64
1536,Pammie,Simeone,psimeoneev@fc2.com,Female,158.199.71.5
1537,Martina,Priddey,mpriddeyew@imgur.com,Female,182.62.158.204
1538,Guthry,Devonshire,gdevonshireex@ow.ly,Male,125.200.191.223
1539,Norry,Guard,nguardey@symantec.com,Male,85.201.83.2
1540,Adey,Winham,awinhamez@netlog.com,Female,195.65.125.85
1541,Burk,Cottage,bcottagef0@ox.ac.uk,Male,130.168.151.242
1542,Parry,Jiras,pjirasf1@adobe.com,Male,232.241.220.226
1543,Barrett,Watkiss,bwatkissf2@delicious.com,Male,122.93.166.98
1544,Boyd,Gostage,bgostagef3@ca.gov,Male,76.123.67.188
1545,Madelaine,Degoe,mdegoef4@marketwatch.com,Female,44.142.185.144
1546,Earlie,Claridge,eclaridgef5@quantcast.com,Male,208.16.34.198
1547,Michel,Stutely,mstutelyf6@taobao.com,Female,230.17.35.26
1548,Patrice,Upjohn,pupjohnf7@senate.gov,Female,77.128.21.127
1549,Margarette,Eshelby,meshelbyf8@myspace.com,Non-binary,29.236.115.6
1550,Loren,Cheer,lcheerf9@ucoz.ru,Male,156.184.133.51
1551,Barnett,Jowsey,bjowseyfa@youtube.com,Male,16.3.245.205
1552,Cozmo,Otham,cothamfb@lycos.com,Male,150.231.43.114
1553,Mikael,Jeschner,mjeschnerfc@unc.edu,Male,23.90.48.118
1554,Catharina,Biddwell,cbiddwellfd@php.net,Female,173.223.121.81
1555,Jordanna,Michell,jmichellfe@t.co,Female,146.129.153.60
1556,Alyce,Jacketts,ajackettsff@irs.gov,Female,110.216.175.122
1557,Augustine,Costard,acostardfg@yellowpages.com,Male,11.150.127.8
1558,Pavel,Leathe,pleathefh@marriott.com,Male,197.0.33.81
1559,Merwyn,Thirwell,mthirwellfi@hud.gov,Male,34.206.79.6
1560,Claiborne,De Vuyst,cdevuystfj@last.fm,Male,142.239.104.223
1561,Sheffie,Scholler,sschollerfk@amazon.co.uk,Male,45.22.212.242
1562,Wilfred,MacNucator,wmacnucatorfl@wikia.com,Male,131.9.248.118
1563,Phillie,Micheli,pmichelifm@vistaprint.com,Female,248.216.25.248
1564,Neron,Gowrie,ngowriefn@ifeng.com,Male,99.168.110.43
1565,Sanders,Clara,sclarafo@behance.net,Male,173.171.123.58
1566,Orson,Dalliwater,odalliwaterfp@soundcloud.com,Male,189.115.171.64
1567,Nanete,Charlotte,ncharlottefq@japanpost.jp,Female,33.58.139.164
1568,Patsy,Giddons,pgiddonsfr@si.edu,Female,107.161.52.232
1569,Marketa,Stoeckle,mstoecklefs@goo.gl,Female,123.80.193.237
1570,Bax,Borgnol,bborgnolft@posterous.com,Male,223.35.128.189
1571,Whitney,Brownell,wbrownellfu@howstuffworks.com,Polygender,47.136.217.103
1572,Helsa,Gerrell,hgerrellfv@microsoft.com,Female,137.75.213.21
1573,Mikaela,McCaskill,mmccaskillfw@meetup.com,Female,235.251.46.18
1574,Jaquith,Pettegree,jpettegreefx@hexun.com,Female,186.13.103.201
1575,Sharona,Asals,sasalsfy@fastcompany.com,Female,172.4.18.72
1576,Glynis,Mayow,gmayowfz@wp.com,Female,176.146.127.4
1577,Dorey,Fosdike,dfosdikeg0@usda.gov,Female,16.79.157.95
1578,Giulio,Rentz,grentzg1@de.vu,Male,69.86.128.202
1579,Andromache,Abbet,aabbetg2@comcast.net,Female,74.104.88.112
1580,Riki,Malshinger,rmalshingerg3@parallels.com,Female,136.210.74.119
1581,Alayne,Carn,acarng4@utexas.edu,Female,210.183.47.44
1582,Raffarty,Liddiatt,rliddiattg5@vkontakte.ru,Male,146.229.193.220
1583,Pam,Marconi,pmarconig6@e-recht24.de,Female,183.46.197.230
1584,Ham,Nequest,hnequestg7@arizona.edu,Male,210.25.123.227
1585,Nial,Hinckesman,nhinckesmang8@blinklist.com,Male,209.215.204.51
1586,Mathe,Bartrop,mbartropg9@typepad.com,Male,71.103.218.29
1587,Kerby,Charman,kcharmanga@arstechnica.com,Male,217.109.104.247
1588,Amandie,Dummer,adummergb@npr.org,Genderqueer,209.30.98.57
1589,Benton,O'Bradden,bobraddengc@hexun.com,Male,39.9.117.252
1590,David,Marcus,dmarcusgd@squarespace.com,Agender,214.68.145.208
1591,Ailina,Gidden,agiddenge@rambler.ru,Female,142.110.80.99
1592,Haskel,Fend,hfendgf@oakley.com,Male,252.168.107.208
1593,Portie,Hessel,phesselgg@earthlink.net,Male,141.28.39.25
1594,Junina,Bebbell,jbebbellgh@forbes.com,Female,162.71.8.71
1595,Jens,Stonebanks,jstonebanksgi@tinypic.com,Male,114.107.62.208
1596,Allx,Foulcher,afoulchergj@go.com,Female,200.130.249.123
1597,Annamarie,Sauniere,asaunieregk@paypal.com,Female,166.45.183.56
1598,Jesselyn,Marrows,jmarrowsgl@seattletimes.com,Female,101.85.231.38
1599,Belva,Biagioni,bbiagionigm@cornell.edu,Female,36.226.169.143
1600,Wilfred,Briar,wbriargn@cdbaby.com,Male,163.184.127.210
1601,Hector,Ausello,hausellogo@ca.gov,Male,170.145.5.34
1602,Trevor,Cahan,tcahangp@ox.ac.uk,Male,193.248.9.33
1603,Henderson,Pocklington,hpocklingtongq@google.de,Genderqueer,5.137.239.138
1604,Clevie,Pohls,cpohlsgr@mlb.com,Male,121.172.197.32
1605,Nonie,Euplate,neuplategs@vkontakte.ru,Female,104.7.239.52
1606,Hugh,Arnaudon,harnaudongt@uol.com.br,Male,70.196.112.126
1607,Karleen,Eilers,keilersgu@gmpg.org,Female,229.118.149.172
1608,Constantine,Cleaton,ccleatongv@mapquest.com,Male,54.176.47.35
1609,Guillemette,Deary,gdearygw@netvibes.com,Female,254.83.201.204
1610,Kristopher,Eayres,keayresgx@bloomberg.com,Male,186.28.46.61
1611,Mariele,Horsley,mhorsleygy@hp.com,Genderqueer,218.235.72.100
1612,Gayle,Coil,gcoilgz@theatlantic.com,Female,203.201.8.196
1613,Garry,Welland,gwellandh0@blinklist.com,Male,107.57.175.173
1614,Gram,Cicccitti,gcicccittih1@reverbnation.com,Male,88.102.150.196
1615,Wilden,Verdun,wverdunh2@csmonitor.com,Male,103.120.182.142
1616,Kevan,Gouly,kgoulyh3@vk.com,Male,183.106.17.224
1617,Ilse,Chippendale,ichippendaleh4@fastcompany.com,Female,96.234.143.130
1618,Erl,Monteaux,emonteauxh5@printfriendly.com,Male,6.116.1.227
1619,Leora,Capron,lcapronh6@skyrock.com,Female,62.210.132.138
1620,Demetre,Phateplace,dphateplaceh7@cnbc.com,Male,34.188.160.151
1621,Torrence,Bosley,tbosleyh8@webs.com,Male,180.206.15.191
1622,Othello,Dunnet,odunneth9@merriam-webster.com,Male,105.174.159.63
1623,Marten,Phillpotts,mphillpottsha@cbslocal.com,Male,89.104.250.6
1624,Augie,Jersch,ajerschhb@blogspot.com,Male,168.2.138.115
1625,Lothaire,Bradforth,lbradforthhc@macromedia.com,Male,198.182.1.72
1626,Zandra,Snawden,zsnawdenhd@constantcontact.com,Female,254.0.111.62
1627,Langsdon,Smallshaw,lsmallshawhe@slideshare.net,Male,172.143.32.98
1628,Maddi,Salzberger,msalzbergerhf@hao123.com,Female,231.167.219.233
1629,Maisey,Faustian,mfaustianhg@seesaa.net,Female,0.121.145.238
1630,Harriett,Mowsdell,hmowsdellhh@blogspot.com,Female,33.198.17.194
1631,Meghann,Glandon,mglandonhi@soundcloud.com,Female,180.83.7.207
1632,Margo,Thebeau,mthebeauhj@noaa.gov,Female,10.95.51.214
1633,Clo,Neat,cneathk@netlog.com,Female,86.4.77.137
1634,Page,O'Carrol,pocarrolhl@huffingtonpost.com,Female,174.251.202.92
1635,Casie,Marwood,cmarwoodhm@flickr.com,Female,0.83.241.57
1636,Aila,Whitticks,awhittickshn@microsoft.com,Female,3.231.63.156
1637,Ase,MacGruer,amacgruerho@apache.org,Male,159.203.73.189
1638,Herbert,Keyes,hkeyeshp@1688.com,Male,86.198.42.155
1639,Milicent,Grim,mgrimhq@gov.uk,Female,246.44.52.66
1640,Asa,Routham,arouthamhr@pbs.org,Male,193.53.69.228
1641,Andris,Grumley,agrumleyhs@edublogs.org,Male,73.200.14.178
1642,Pollyanna,Pifford,ppiffordht@google.co.uk,Female,179.177.96.180
1643,Ailis,Yarnley,ayarnleyhu@4shared.com,Female,67.38.204.221
1644,Evaleen,Tambling,etamblinghv@godaddy.com,Female,227.30.206.37
1645,Tansy,Wivell,twivellhw@sciencedirect.com,Female,218.114.217.114
1646,Edi,Votier,evotierhx@scribd.com,Female,127.29.177.255
1647,Moina,Musprat,mmusprathy@ibm.com,Female,108.243.11.243
1648,Berti,Wylam,bwylamhz@mail.ru,Female,135.82.14.23
1649,Willi,Peattie,wpeattiei0@dailymail.co.uk,Female,135.183.163.156
1650,Ulysses,Tortoise,utortoisei1@umich.edu,Male,153.205.171.209
1651,Violet,Garaway,vgarawayi2@people.com.cn,Female,24.149.200.209
1652,Thornie,Biaggetti,tbiaggettii3@abc.net.au,Male,27.85.116.154
1653,Marena,Katz,mkatzi4@sbwire.com,Female,101.159.234.172
1654,Aldis,McIleen,amcileeni5@feedburner.com,Male,79.217.248.65
1655,Sydney,Jeandet,sjeandeti6@hp.com,Male,32.238.159.193
1656,Dell,Jorger,djorgeri7@google.it,Male,12.108.120.25
1657,Amble,Gosnall,agosnalli8@chronoengine.com,Bigender,177.97.251.39
1658,Eduino,Newtown,enewtowni9@oracle.com,Male,59.223.182.14
1659,Vania,Ilden,vildenia@microsoft.com,Female,180.45.68.48
1660,Marsiella,Inge,mingeib@ning.com,Female,198.190.38.223
1661,Maren,Mattisson,mmattissonic@prweb.com,Female,64.239.76.224
1662,Julie,Hylands,jhylandsid@mozilla.org,Bigender,165.98.0.228
1663,Winny,Fagan,wfaganie@so-net.ne.jp,Female,107.249.134.85
1664,Annamaria,Bromige,abromigeif@ox.ac.uk,Female,52.36.93.237
1665,Esdras,Alfonso,ealfonsoig@usgs.gov,Male,108.24.179.235
1666,Beverlie,Greenley,bgreenleyih@forbes.com,Female,163.129.80.98
1667,Roseanna,Cliss,rclissii@t.co,Female,179.121.231.5
1668,Benny,Gayforth,bgayforthij@cargocollective.com,Female,237.180.6.215
1669,Hadley,Cristoforo,hcristoforoik@sourceforge.net,Male,154.15.217.221
1670,Astrid,Stanion,astanionil@fema.gov,Female,104.103.71.114
1671,Zachariah,Humphrys,zhumphrysim@accuweather.com,Male,0.86.140.227
1672,Godiva,Olczyk,golczykin@statcounter.com,Female,225.85.38.16
1673,Marlena,Nowill,mnowillio@blogger.com,Agender,192.61.135.94
1674,Debby,Prate,dprateip@tripadvisor.com,Female,114.76.85.242
1675,Haley,Feige,hfeigeiq@bizjournals.com,Female,192.95.115.240
1676,Farr,Dowdam,fdowdamir@seesaa.net,Male,165.88.159.53
1677,Jocelyn,Stoate,jstoateis@cdc.gov,Female,213.61.0.193
1678,Morrie,Seebert,mseebertit@sakura.ne.jp,Male,143.121.193.132
1679,Yancy,Jeyes,yjeyesiu@is.gd,Male,20.87.170.216
1680,Kerwinn,Demsey,kdemseyiv@fema.gov,Male,174.8.186.54
1681,Sandro,Bratch,sbratchiw@dot.gov,Male,20.57.190.102
1682,Maurizia,Scrowson,mscrowsonix@mashable.com,Female,200.204.52.207
1683,Lawrence,Pratty,lprattyiy@t.co,Male,6.226.109.30
1684,Marcos,Waye,mwayeiz@infoseek.co.jp,Male,10.124.196.121
1685,Issie,Pawlaczyk,ipawlaczykj0@hp.com,Female,31.16.76.86
1686,Hurleigh,Kelmere,hkelmerej1@com.com,Male,85.45.17.226
1687,Micky,Mushart,mmushartj2@nps.gov,Male,247.173.136.254
1688,Merna,Curror,mcurrorj3@wsj.com,Female,44.110.61.137
1689,Bamby,Stotherfield,bstotherfieldj4@uol.com.br,Female,21.150.56.250
1690,Rozella,Warham,rwarhamj5@usgs.gov,Female,51.213.109.74
1691,Marysa,Moryson,mmorysonj6@xing.com,Female,243.64.250.42
1692,Pyotr,Lesek,plesekj7@nature.com,Male,109.219.244.117
1693,Graeme,Shingfield,gshingfieldj8@howstuffworks.com,Male,6.78.225.41
1694,Bartholemy,Knowling,bknowlingj9@dion.ne.jp,Male,10.81.105.143
1695,Juana,Galliver,jgalliverja@technorati.com,Female,96.8.66.229
1696,Charyl,Klimecki,cklimeckijb@soup.io,Female,162.117.63.185
1697,Lamond,Bartolomeazzi,lbartolomeazzijc@jimdo.com,Male,15.163.12.54
1698,Claire,Cockson,ccocksonjd@biblegateway.com,Male,21.34.2.130
1699,Annabella,Gruszczak,agruszczakje@behance.net,Female,235.45.41.130
1700,Rosette,Dibden,rdibdenjf@nationalgeographic.com,Female,203.150.111.156
1701,Emmie,Cookman,ecookmanjg@printfriendly.com,Female,173.222.108.100
1702,Ursa,Beseke,ubesekejh@goo.gl,Female,94.23.176.31
1703,Petronia,Shrigley,pshrigleyji@360.cn,Female,220.171.177.73
1704,Lucien,Simpkiss,lsimpkissjj@creativecommons.org,Genderqueer,222.138.160.78
1705,Weber,Schaben,wschabenjk@twitpic.com,Male,157.174.199.55
1706,Eadie,Grewar,egrewarjl@geocities.com,Female,247.26.146.159
1707,Durward,Laroux,dlarouxjm@cbc.ca,Male,2.49.67.190
1708,Byrle,Shier,bshierjn@msu.edu,Male,85.44.19.165
1709,Florry,Smelley,fsmelleyjo@nsw.gov.au,Agender,92.120.225.132
1710,Celisse,Scarr,cscarrjp@ustream.tv,Female,195.90.206.215
1711,Tildi,Mollatt,tmollattjq@linkedin.com,Female,244.138.248.75
1712,Otes,Shovelton,oshoveltonjr@mapquest.com,Bigender,5.180.141.122
1713,Brittni,Tinham,btinhamjs@e-recht24.de,Female,71.229.218.240
1714,Leonard,Kilfoyle,lkilfoylejt@businessweek.com,Genderfluid,216.240.155.26
1715,Chryste,Yanshin,cyanshinju@smugmug.com,Female,14.69.176.207
1716,Dennison,Ashbee,dashbeejv@google.nl,Male,27.149.60.73
1717,Randolf,Phalip,rphalipjw@myspace.com,Male,129.18.149.124
1718,Mikkel,Halfhyde,mhalfhydejx@zdnet.com,Male,17.144.95.254
1719,Davita,Braunstein,dbraunsteinjy@oaic.gov.au,Female,40.244.250.112
1720,Eugenia,Trulock,etrulockjz@meetup.com,Female,232.170.148.245
1721,Randa,Webburn,rwebburnk0@adobe.com,Female,119.67.184.112
1722,Cairistiona,Kilminster,ckilminsterk1@whitehouse.gov,Female,105.214.82.65
1723,Stearn,Taig,staigk2@hc360.com,Male,21.246.25.25
1724,Charil,MacDougal,cmacdougalk3@msn.com,Female,197.210.17.82
1725,Anstice,Warbey,awarbeyk4@alexa.com,Female,29.9.29.49
1726,Risa,McMoyer,rmcmoyerk5@flickr.com,Female,140.44.250.120
1727,Cchaddie,McNeice,cmcneicek6@google.ru,Male,54.174.3.183
1728,Nancey,Kerwood,nkerwoodk7@tripadvisor.com,Female,201.59.208.186
1729,Emmalyn,Bough,eboughk8@moonfruit.com,Female,97.159.250.236
1730,Spense,Allcott,sallcottk9@mlb.com,Male,97.186.207.174
1731,Romeo,Enderwick,renderwickka@hexun.com,Male,213.215.120.220
1732,Renaldo,Pyer,rpyerkb@merriam-webster.com,Male,9.60.30.169
1733,Gannie,Spottswood,gspottswoodkc@de.vu,Male,43.134.220.131
1734,Cristabel,Edmund,cedmundkd@google.fr,Female,221.29.129.165
1735,Cash,Matton,cmattonke@indiatimes.com,Bigender,91.41.105.76
1736,Norean,Ashborne,nashbornekf@trellian.com,Female,152.122.221.145
1737,Madelle,Rudeforth,mrudeforthkg@discuz.net,Female,178.166.229.214
1738,Georgianne,Kinnerk,gkinnerkkh@wisc.edu,Female,119.111.5.10
1739,Bar,Halbard,bhalbardki@wordpress.com,Male,102.76.46.1
1740,Gerry,Yesipov,gyesipovkj@indiegogo.com,Male,227.252.80.247
1741,Carree,Eldred,celdredkk@wiley.com,Female,251.95.97.247
1742,Aylmer,Kubicka,akubickakl@tripod.com,Male,153.73.194.67
1743,Traver,Spink,tspinkkm@dot.gov,Male,217.22.48.155
1744,Sullivan,Chable,schablekn@netlog.com,Male,26.119.156.250
1745,Marillin,Boarder,mboarderko@walmart.com,Female,18.79.225.139
1746,Cyrillus,Lodwig,clodwigkp@google.cn,Male,129.218.23.190
1747,Jillana,Bodicam,jbodicamkq@sciencedaily.com,Female,65.139.9.205
1748,Dulcie,O'Tierney,dotierneykr@phpbb.com,Female,145.31.222.90
1749,Olivier,Dickson,odicksonks@twitter.com,Male,144.237.236.150
1750,Julia,Menelaws,jmenelawskt@creativecommons.org,Female,227.22.153.49
1751,Sabine,Dubois,sduboisku@themeforest.net,Female,196.19.149.165
1752,Alla,Deniset,adenisetkv@washington.edu,Female,82.83.184.150
1753,Daniele,Hollebon,dhollebonkw@fda.gov,Bigender,79.233.237.150
1754,Witty,Durham,wdurhamkx@qq.com,Male,131.117.43.237
1755,Ros,Shilleto,rshilletoky@storify.com,Female,128.34.234.162
1756,Katrine,Cummungs,kcummungskz@purevolume.com,Female,104.146.209.168
1757,Buddy,Spear,bspearl0@ucoz.ru,Male,190.219.76.4
1758,Corabella,Hanbidge,chanbidgel1@arizona.edu,Female,61.83.120.6
1759,Ida,MacLaren,imaclarenl2@un.org,Female,183.199.76.178
1760,Yorgos,Brimson,ybrimsonl3@feedburner.com,Male,88.24.192.62
1761,Bernie,Drakes,bdrakesl4@networksolutions.com,Male,54.175.216.149
1762,Caddric,Bello,cbellol5@wordpress.org,Male,239.7.26.254
1763,Corie,Kop,ckopl6@amazon.de,Female,242.5.10.39
1764,Felike,Yve,fyvel7@goo.gl,Male,176.60.49.70
1765,Catharine,Hindrick,chindrickl8@yahoo.co.jp,Non-binary,136.74.210.83
1766,Richie,Di Bartolommeo,rdibartolommeol9@webs.com,Male,169.36.45.134
1767,Allyce,Lanchberry,alanchberryla@umn.edu,Female,175.47.29.201
1768,Yancey,Weymouth,yweymouthlb@sphinn.com,Male,159.67.232.147
1769,Calhoun,Harce,charcelc@marketwatch.com,Male,57.66.255.21
1770,Arabella,Pedroni,apedronild@epa.gov,Female,157.29.226.13
1771,Putnam,Croxford,pcroxfordle@cisco.com,Male,92.13.56.25
1772,Teddi,Montes,tmonteslf@mysql.com,Female,76.43.125.38
1773,Fanya,Benne,fbennelg@joomla.org,Female,62.195.171.235
1774,Hulda,Dunan,hdunanlh@bizjournals.com,Female,99.89.142.142
1775,Teddie,Mountfort,tmountfortli@icq.com,Female,252.254.193.20
1776,Elmer,Shankster,eshanksterlj@uol.com.br,Male,245.215.154.101
1777,Haley,Behning,hbehninglk@rambler.ru,Female,187.44.39.146
1778,Gussy,Stopp,gstoppll@wp.com,Female,148.203.206.191
1779,Ingar,Powles,ipowleslm@chronoengine.com,Male,96.171.189.235
1780,Loria,Rayment,lraymentln@bigcartel.com,Female,97.231.246.212
1781,Suki,Riggert,sriggertlo@clickbank.net,Female,138.205.177.194
1782,Juline,Uc,juclp@clickbank.net,Female,221.38.173.10
1783,Nadia,Kalewe,nkalewelq@typepad.com,Female,202.6.95.226
1784,Pembroke,Keinrat,pkeinratlr@ft.com,Male,226.185.55.146
1785,Augustin,Lurner,alurnerls@census.gov,Genderqueer,235.112.138.218
1786,Tiffie,Schnieder,tschniederlt@biblegateway.com,Female,199.119.206.3
1787,Nikolia,Rottenbury,nrottenburylu@wordpress.org,Female,88.238.53.254
1788,Inez,Meadows,imeadowslv@1und1.de,Female,135.161.47.80
1789,Leland,Saunter,lsaunterlw@delicious.com,Polygender,22.120.238.221
1790,Randolph,Clayson,rclaysonlx@xinhuanet.com,Male,244.215.180.150
1791,Rubie,Presley,rpresleyly@ehow.com,Female,233.126.196.163
1792,Deeanne,Jeayes,djeayeslz@weather.com,Female,230.79.135.184
1793,Colin,Honywill,chonywillm0@themeforest.net,Male,8.102.198.2
1794,Winny,Beston,wbestonm1@addtoany.com,Male,253.36.63.109
1795,Juliana,Stook,jstookm2@xrea.com,Female,92.139.27.61
1796,Alison,Chard,achardm3@google.com.hk,Female,50.153.237.23
1797,Torr,Dougliss,tdouglissm4@ebay.co.uk,Male,148.162.19.50
1798,Adelice,Titlow,atitlowm5@va.gov,Female,45.68.234.86
1799,Jerrie,Charlton,jcharltonm6@jalbum.net,Male,5.82.29.217
1800,Geri,Atyeo,gatyeom7@deliciousdays.com,Female,103.60.55.85
1801,Analise,Nannini,ananninim8@chronoengine.com,Female,248.18.207.47
1802,Alric,Rolin,arolinm9@phoca.cz,Male,250.112.184.167
1803,Hogan,Bulloch,hbullochma@jimdo.com,Male,187.7.238.68
1804,Dee,Hurleston,dhurlestonmb@dailymail.co.uk,Female,143.57.143.157
1805,Page,Crab,pcrabmc@phoca.cz,Male,76.153.169.162
1806,Amberly,Greenrde,agreenrdemd@netvibes.com,Female,249.23.132.30
1807,Timmi,Constable,tconstableme@engadget.com,Female,144.224.119.7
1808,Dur,Elfitt,delfittmf@apple.com,Male,197.160.8.130
1809,Fabien,Bentote,fbentotemg@devhub.com,Male,142.245.161.182
1810,Shannon,Whitlaw,swhitlawmh@ebay.co.uk,Male,214.15.97.248
1811,Giraud,Rockwill,grockwillmi@squidoo.com,Bigender,82.212.116.167
1812,Barry,Jarnell,bjarnellmj@artisteer.com,Genderfluid,183.16.129.97
1813,Kane,Acutt,kacuttmk@vimeo.com,Male,196.37.78.32
1814,Franny,Guilliland,fguillilandml@xrea.com,Female,181.249.49.85
1815,Boone,Scrine,bscrinemm@netlog.com,Male,125.86.71.251
1816,Patty,Fredson,pfredsonmn@google.fr,Male,34.213.86.146
1817,Jacquette,Dallosso,jdallossomo@rediff.com,Female,166.58.157.239
1818,Carl,Marjot,cmarjotmp@shareasale.com,Male,215.168.150.229
1819,Lurline,Hammerman,lhammermanmq@cpanel.net,Female,139.89.105.64
1820,Kissie,Curedale,kcuredalemr@diigo.com,Female,33.16.206.66
1821,Devin,Tame,dtamems@fastcompany.com,Female,48.236.143.253
1822,Lauren,Jaeggi,ljaeggimt@lycos.com,Genderfluid,60.48.171.241
1823,Averil,Labarre,alabarremu@google.fr,Female,175.43.171.183
1824,Yankee,Matovic,ymatovicmv@flavors.me,Male,211.125.124.219
1825,Linn,Duddin,lduddinmw@irs.gov,Female,173.89.246.82
1826,Shaylyn,Oris,sorismx@usatoday.com,Female,221.124.182.101
1827,Sherri,Geldeford,sgeldefordmy@mayoclinic.com,Female,136.113.138.210
1828,Kellie,Roggieri,kroggierimz@washingtonpost.com,Female,174.80.126.249
1829,Christyna,Sudlow,csudlown0@ibm.com,Female,52.75.244.5
1830,Anestassia,Hundy,ahundyn1@purevolume.com,Female,113.27.188.223
1831,Jayme,Matthews,jmatthewsn2@tamu.edu,Male,56.135.202.232
1832,Pauli,Mackrell,pmackrelln3@slideshare.net,Female,82.102.155.197
1833,Abram,Urch,aurchn4@ebay.co.uk,Male,143.165.189.1
1834,Sky,Robinette,srobinetten5@cafepress.com,Male,65.43.5.86
1835,Arvin,Corn,acornn6@tinyurl.com,Male,180.239.255.141
1836,Kat,Auston,kaustonn7@huffingtonpost.com,Female,38.61.83.49
1837,Felicdad,Roarty,froartyn8@webs.com,Female,159.23.142.4
1838,Mohandas,Lineker,mlinekern9@topsy.com,Male,189.103.156.228
1839,Ellynn,Keep,ekeepna@home.pl,Female,184.109.245.233
1840,Ariel,McPike,amcpikenb@wikispaces.com,Female,217.250.101.137
1841,Onida,Hollidge,ohollidgenc@yolasite.com,Female,255.181.121.57
1842,Pammy,Janas,pjanasnd@meetup.com,Female,97.79.40.75
1843,Briny,Peaker,bpeakerne@bbb.org,Female,23.44.120.236
1844,Sargent,Cockle,scocklenf@webmd.com,Male,150.77.243.7
1845,Alexa,Pinke,apinkeng@umich.edu,Female,74.40.166.89
1846,Rafi,Heddan,rheddannh@biglobe.ne.jp,Male,69.221.183.100
1847,Jacinthe,Pirrone,jpirroneni@businessinsider.com,Agender,118.237.125.253
1848,Horton,Manville,hmanvillenj@cnet.com,Male,90.233.195.124
1849,Hercule,Dalla,hdallank@barnesandnoble.com,Male,231.12.39.209
1850,Rock,Ladd,rladdnl@hostgator.com,Male,99.91.34.157
1851,Margret,Souter,msouternm@vinaora.com,Female,61.242.211.15
1852,Baryram,Lurriman,blurrimannn@mediafire.com,Male,93.187.88.43
1853,Rosalind,Lamberts,rlambertsno@qq.com,Female,102.22.164.18
1854,Nedda,Urlich,nurlichnp@cbsnews.com,Female,78.150.48.180
1855,Brion,Chaloner,bchalonernq@paypal.com,Male,101.77.244.156
1856,Lorrie,Whitesel,lwhiteselnr@buzzfeed.com,Male,148.46.169.238
1857,Dionne,Sifleet,dsifleetns@apache.org,Female,135.161.240.57
1858,Pietro,Muir,pmuirnt@sphinn.com,Male,0.178.128.98
1859,Darcie,Filippozzi,dfilippozzinu@ycombinator.com,Genderqueer,113.126.66.6
1860,Shaun,Whymark,swhymarknv@sun.com,Male,40.96.181.231
1861,Lorinda,Olliar,lolliarnw@yandex.ru,Female,254.218.26.229
1862,Gay,Dewitt,gdewittnx@google.pl,Female,117.201.191.38
1863,Rahel,Lagadu,rlagaduny@hhs.gov,Female,169.229.110.18
1864,Alain,Wickson,awicksonnz@pinterest.com,Male,46.112.220.211
1865,Marie,Briand,mbriando0@ebay.com,Female,12.72.244.118
1866,Ole,Hitchens,ohitchenso1@msn.com,Male,183.57.121.204
1867,Vannie,Strongitharm,vstrongitharmo2@elegantthemes.com,Female,172.53.163.83
1868,Dav,Radbourne,dradbourneo3@chron.com,Male,204.93.42.148
1869,Mikael,Tansley,mtansleyo4@mit.edu,Male,239.215.100.118
1870,Sallie,Sweeny,ssweenyo5@marriott.com,Female,24.85.113.60
1871,Lewes,Horbart,lhorbarto6@deviantart.com,Male,22.26.99.202
1872,Janeczka,Twitching,jtwitchingo7@elpais.com,Genderfluid,194.123.145.237
1873,Ivar,Oakman,ioakmano8@msn.com,Male,33.231.17.89
1874,Ezekiel,Crang,ecrango9@virginia.edu,Male,164.12.248.97
1875,Carmela,Halt,chaltoa@unicef.org,Female,1.124.87.148
1876,Lurette,Roughey,lrougheyob@rambler.ru,Female,163.216.35.251
1877,Katlin,Leythley,kleythleyoc@reverbnation.com,Female,53.89.211.245
1878,Rosemonde,Vaughan-Hughes,rvaughanhughesod@businesswire.com,Female,137.37.73.89
1879,Nick,Beven,nbevenoe@wordpress.com,Bigender,176.115.90.21
1880,Margit,Pester,mpesterof@adobe.com,Genderfluid,38.254.205.89
1881,Yvette,Cobon,ycobonog@weibo.com,Female,126.29.114.136
1882,Burton,Rean,breanoh@ebay.com,Male,135.105.138.224
1883,Althea,Govinlock,agovinlockoi@telegraph.co.uk,Female,161.215.207.222
1884,Devan,Chisnell,dchisnelloj@wikipedia.org,Female,223.45.27.0
1885,Dunstan,Creffeild,dcreffeildok@irs.gov,Male,75.178.22.205
1886,Wilhelmina,Mullins,wmullinsol@blogger.com,Female,58.96.47.101
1887,Lianne,Eliyahu,leliyahuom@narod.ru,Female,161.61.214.203
1888,Mellisa,Alfonzo,malfonzoon@a8.net,Female,93.180.19.75
1889,Haley,Huske,hhuskeoo@phpbb.com,Female,217.126.71.175
1890,Clay,Leafe,cleafeop@netvibes.com,Male,75.32.46.213
1891,Homere,Asel,haseloq@zdnet.com,Male,97.139.78.94
1892,Cecil,Grigoli,cgrigolior@eventbrite.com,Male,179.113.137.163
1893,Duncan,Walczak,dwalczakos@blogtalkradio.com,Agender,133.35.139.232
1894,Jacinta,Bourke,jbourkeot@scientificamerican.com,Female,253.59.16.97
1895,Roy,Craghead,rcragheadou@wordpress.com,Male,74.8.208.4
1896,Loralyn,Brilleman,lbrillemanov@kickstarter.com,Female,168.239.113.119
1897,Sigfried,Clair,sclairow@hud.gov,Male,125.246.67.146
1898,Duff,Forri,dforriox@apple.com,Male,47.147.98.4
1899,Aura,Colenutt,acolenuttoy@dell.com,Female,22.137.151.131
1900,Derk,Greenstock,dgreenstockoz@tinyurl.com,Male,246.72.236.48
1901,Arnold,Rosengarten,arosengartenp0@dedecms.com,Male,68.206.125.215
1902,Blakelee,Philo,bphilop1@hud.gov,Female,32.201.33.178
1903,Hobard,Greeno,hgreenop2@newyorker.com,Male,53.79.229.58
1904,Kingsley,Sciacovelli,ksciacovellip3@ebay.com,Polygender,233.149.159.52
1905,Pearce,Belhomme,pbelhommep4@friendfeed.com,Genderfluid,126.9.75.72
1906,Megan,Ware,mwarep5@sfgate.com,Female,250.151.118.230
1907,Ortensia,Livingstone,olivingstonep6@omniture.com,Female,197.215.95.127
1908,Ermin,Postgate,epostgatep7@admin.ch,Male,235.169.131.188
1909,Sergent,Rodder,srodderp8@angelfire.com,Male,8.173.13.178
1910,Theressa,Warland,twarlandp9@patch.com,Female,152.209.28.243
1911,Claudette,Ridesdale,cridesdalepa@zdnet.com,Female,145.59.228.50
1912,Huntley,Harmson,hharmsonpb@reference.com,Male,251.222.209.154
1913,Conchita,Madgin,cmadginpc@google.com.hk,Female,129.209.164.9
1914,Egan,Sloyan,esloyanpd@foxnews.com,Agender,81.77.168.130
1915,Rowan,Van der Velde,rvanderveldepe@rambler.ru,Male,26.139.137.207
1916,Judy,Jonsson,jjonssonpf@ycombinator.com,Female,107.36.244.144
1917,Kris,Gibard,kgibardpg@last.fm,Male,106.149.115.224
1918,Kinnie,Panchin,kpanchinph@tiny.cc,Agender,4.116.170.194
1919,Oliver,Teece,oteecepi@cornell.edu,Male,210.219.169.109
1920,Prinz,Feakins,pfeakinspj@github.com,Male,57.11.43.146
1921,Rik,Bodicam,rbodicampk@hud.gov,Male,253.187.137.244
1922,Melita,Drew,mdrewpl@alexa.com,Female,89.192.103.229
1923,Marty,Norcliffe,mnorcliffepm@list-manage.com,Female,16.216.240.80
1924,Ninetta,Cull,ncullpn@wikispaces.com,Female,18.89.147.8
1925,Rivkah,Fishbourne,rfishbournepo@istockphoto.com,Female,225.46.90.160
1926,Peta,Lippard,plippardpp@oracle.com,Genderqueer,124.185.47.242
1927,Peggie,Briskey,pbriskeypq@squidoo.com,Genderqueer,23.229.146.1
1928,Frasier,Wordesworth,fwordesworthpr@netvibes.com,Male,197.126.71.222
1929,Elvina,Binnell,ebinnellps@bloglines.com,Female,131.229.239.73
1930,Dilan,Dugdale,ddugdalept@prnewswire.com,Male,152.124.250.209
1931,Walton,Bisp,wbisppu@go.com,Male,165.139.248.113
1932,Natasha,Blase,nblasepv@pbs.org,Female,131.113.23.63
1933,Ashley,D'Adamo,adadamopw@opensource.org,Female,42.109.117.57
1934,Michail,Siggins,msigginspx@cbslocal.com,Male,108.191.123.17
1935,Ethe,Befroy,ebefroypy@dailymotion.com,Male,252.62.241.140
1936,Hurlee,Sapseed,hsapseedpz@phoca.cz,Male,209.139.31.186
1937,Bronson,Bridewell,bbridewellq0@intel.com,Male,148.221.155.239
1938,Kristofor,Hallowes,khallowesq1@nyu.edu,Male,107.4.141.122
1939,Morey,Clashe,mclasheq2@nps.gov,Male,18.141.223.21
1940,Maressa,Keach,mkeachq3@myspace.com,Female,142.124.27.84
1941,Saundra,Chander,schanderq4@yellowbook.com,Male,7.208.162.140
1942,Moshe,Sherwin,msherwinq5@jimdo.com,Male,164.163.144.18
1943,Ced,Mustard,cmustardq6@noaa.gov,Genderfluid,95.100.135.108
1944,Sutton,Gull,sgullq7@nationalgeographic.com,Male,119.249.254.159
1945,Hobey,Phippard,hphippardq8@google.com.hk,Male,162.255.135.129
1946,Eduard,Gainforth,egainforthq9@home.pl,Male,185.110.90.106
1947,Blane,Jansema,bjansemaqa@unblog.fr,Genderqueer,163.133.134.18
1948,Josselyn,Caro,jcaroqb@soup.io,Female,245.167.66.33
1949,Penn,Marham,pmarhamqc@shutterfly.com,Male,181.246.151.147
1950,Murdoch,Komorowski,mkomorowskiqd@prnewswire.com,Male,80.20.1.112
1951,Elden,Mair,emairqe@joomla.org,Male,194.209.207.115
1952,Baillie,Swedeland,bswedelandqf@diigo.com,Male,46.210.242.117
1953,Fletcher,Durrant,fdurrantqg@yahoo.co.jp,Male,178.231.206.154
1954,Andy,Glanfield,aglanfieldqh@ucsd.edu,Male,88.68.167.52
1955,Hollie,Casaccia,hcasacciaqi@taobao.com,Female,52.129.34.193
1956,Alexis,Petken,apetkenqj@canalblog.com,Male,100.63.76.92
1957,Sheilah,Joannidi,sjoannidiqk@arizona.edu,Female,235.148.174.19
1958,Brigitte,Branthwaite,bbranthwaiteql@cargocollective.com,Female,37.7.187.80
1959,Joan,Whyteman,jwhytemanqm@independent.co.uk,Female,157.124.5.95
1960,Fredi,Aggus,faggusqn@yandex.ru,Female,85.113.26.9
1961,Johann,Ranscome,jranscomeqo@angelfire.com,Male,162.187.212.14
1962,Milton,Elmore,melmoreqp@163.com,Polygender,60.34.209.227
1963,Fran,McCaffery,fmccafferyqq@oaic.gov.au,Male,187.153.111.227
1964,Meir,Got,mgotqr@techcrunch.com,Male,240.180.64.58
1965,Meir,Trethewey,mtretheweyqs@people.com.cn,Male,203.231.117.148
1966,Larine,Deeman,ldeemanqt@jigsy.com,Bigender,237.31.169.188
1967,Valentine,Minear,vminearqu@stanford.edu,Female,18.216.247.45
1968,Gay,Cosham,gcoshamqv@ehow.com,Female,10.144.204.243
1969,Kaleb,Prew,kprewqw@cafepress.com,Male,128.251.21.123
1970,Thaine,Wegenen,twegenenqx@utexas.edu,Male,213.196.179.122
1971,Adrea,Dark,adarkqy@census.gov,Female,83.46.123.138
1972,Brandise,D'Alesio,bdalesioqz@spotify.com,Female,109.143.173.222
1973,Harp,O'Sesnane,hosesnaner0@alexa.com,Male,194.52.82.93
1974,Erwin,Blucher,eblucherr1@howstuffworks.com,Male,68.142.164.61
1975,Benito,Jobling,bjoblingr2@webs.com,Male,93.91.158.66
1976,Madelene,Gillett,mgillettr3@prweb.com,Female,206.78.249.194
1977,Corina,Petow,cpetowr4@jigsy.com,Female,224.242.60.153
1978,Sorcha,Luety,sluetyr5@sciencedaily.com,Female,172.80.136.137
1979,Andrej,Sanbroke,asanbroker6@howstuffworks.com,Genderfluid,198.152.136.111
1980,Cordy,Bradneck,cbradneckr7@webnode.com,Female,112.52.35.38
1981,Rolfe,Lafoy,rlafoyr8@house.gov,Male,193.245.121.130
1982,Alfi,Ethridge,aethridger9@globo.com,Female,102.112.136.61
1983,Abagail,Whitnell,awhitnellra@vk.com,Female,74.152.81.236
1984,Maddy,Downe,mdownerb@opera.com,Non-binary,9.209.234.140
1985,Estelle,Vile,evilerc@fda.gov,Female,90.36.110.71
1986,Shara,Soldner,ssoldnerrd@godaddy.com,Female,229.15.161.55
1987,Isak,Lamberton,ilambertonre@ocn.ne.jp,Male,161.156.251.98
1988,Maribelle,Langcaster,mlangcasterrf@google.es,Female,193.201.78.228
1989,Corissa,Robinette,crobinetterg@shinystat.com,Female,224.71.69.15
1990,Billie,Broomhall,bbroomhallrh@chron.com,Female,173.145.25.182
1991,Felicio,Gayter,fgayterri@bbb.org,Male,55.186.119.239
1992,Reg,Kubelka,rkubelkarj@comcast.net,Male,23.180.138.174
1993,Fonzie,Colquite,fcolquiterk@sfgate.com,Male,36.230.220.74
1994,Titos,Malcolm,tmalcolmrl@pcworld.com,Male,13.254.152.29
1995,Nerita,Laughren,nlaughrenrm@google.co.jp,Genderqueer,66.118.112.240
1996,Kim,Brand,kbrandrn@photobucket.com,Male,124.226.249.123
1997,Ruth,Baine,rbainero@utexas.edu,Genderqueer,49.56.35.181
1998,Leese,Szimoni,lszimonirp@ask.com,Female,212.24.164.240
1999,Jourdan,Bulfield,jbulfieldrq@kickstarter.com,Female,147.186.71.87
2000,Jaine,Hundey,jhundeyrr@w3.org,Female,34.217.142.2
